{
  "bg": 262, 
  "temp": "absolute", 
  "snoozeBG": 238, 
  "recieved": true, 
  "rate": 3.275, 
  "reason": "max_iob 3, no temp, setting 3.3000000000000003U/hr", 
  "eventualBG": 238, 
  "timestamp": "2015-11-26T11:40:38.468179", 
  "duration": 30, 
  "tick": -1
}