{
  "bg": 262, 
  "temp": "absolute", 
  "snoozeBG": 217, 
  "recieved": true, 
  "rate": 3.275, 
  "reason": "max_iob 3, no temp, setting 3.3000000000000003U/hr", 
  "eventualBG": 217, 
  "timestamp": "2015-11-16T13:45:42.370065", 
  "duration": 30, 
  "tick": -2
}