{
  "bg": 276, 
  "temp": "absolute", 
  "snoozeBG": 213, 
  "recieved": true, 
  "rate": 3.275, 
  "reason": "max_iob 3, no temp, setting 3.3000000000000003U/hr", 
  "eventualBG": 213, 
  "timestamp": "2015-11-16T13:20:35.658186", 
  "duration": 30, 
  "tick": -2
}