{
  "bg": 231, 
  "temp": "absolute", 
  "snoozeBG": 210, 
  "recieved": true, 
  "rate": 3.275, 
  "reason": "max_iob 2, temp 3.025<3.3000000000000003U/hr", 
  "eventualBG": 210, 
  "timestamp": "2015-10-23T12:45:38.431584", 
  "duration": 30, 
  "tick": -1
}