{"iob":-0.3079527060938272,"activity":-0.00237320987654321,"bolusiob":0}
