{"iob":4.5693147579898765,"activity":0.03606498877665544,"bolusiob":2.100535257386667}
