{"iob":-0.19942925337679013,"activity":-0.0015279236812570146,"bolusiob":0}
