{"iob":0.0003863253333334704,"activity":0.007905723905723906,"bolusiob":0}
