{"iob":-0.33362422352592597,"activity":-0.002103928170594837,"bolusiob":0}
