{"iob":0.11801658400000002,"activity":0.004207070707070707,"bolusiob":0}
