{"iob":0.14961158467389607,"activity":0.00006041407407407407,"bolusiob":0}
