{"iob":1.0342776908483953,"activity":0.004847822671156006,"bolusiob":0.011143288888888936}
