{"iob":0.5799536533285441,"activity":0.014652535286195286,"bolusiob":0}
