{"iob":-0.19699327158268007,"activity":-0.00022957691358024688,"bolusiob":0}
