{"iob":1.7696444893486112,"activity":0.025133815645342308,"bolusiob":0.08952092864000023}
