{"iob":2.8866091325155194,"activity":0.0234121,"bolusiob":0.34668612309333346}
