{"iob":3.6342189367466666,"activity":0.012104444444444442,"bolusiob":2.917578498986667}
