{"iob":0.5037078684444446,"activity":0.009724466891133559,"bolusiob":0}
