{"iob":0.18762725134222227,"activity":0.003165432098765432,"bolusiob":0.0024057235911111086}
