{"iob":-0.029107819385679013,"activity":-0.00040358024691358025,"bolusiob":0}
