{"iob":0.037671026666666704,"activity":0.004377104377104378,"bolusiob":0}
