{"iob":0.1414468052493827,"activity":-0.001990398428731762,"bolusiob":0}
