{"iob":0.02066006218666665,"activity":0.002587205387205387,"bolusiob":0}
