{"iob":0.22359559138836263,"activity":0.002615802839506173,"bolusiob":0}
