{"iob":0.2512112370042903,"activity":0.003587991144781145,"bolusiob":0}
