{"iob":0.023273449422222224,"activity":0.004048260381593716,"bolusiob":0}
