{"iob":0.7365966994744231,"activity":0.0048873289674522995,"bolusiob":0}
