{"iob":3.2793687249382715,"activity":0.010413580246913579,"bolusiob":2.686904321975309}
