{"iob":0.002137488266666665,"activity":0.0017609427609427614,"bolusiob":0}
