{"iob":0.35877960131061726,"activity":0.005293866442199776,"bolusiob":0}
