{"iob":0.12100821216395063,"activity":0.0008085185185185184,"bolusiob":0}
