{"iob":0.09462178476246912,"activity":0.0016215263748597082,"bolusiob":0}
