{"iob":1.4345983348148148,"activity":0.003648148148148148,"bolusiob":1.2627162725925927}
