{"iob":0.7282511506383977,"activity":0.010810408125701458,"bolusiob":0}
