{"iob":0.3536141608372025,"activity":0.0069031034455667795,"bolusiob":0}
