{"iob":0.18735958144,"activity":0.0005466666666666665,"bolusiob":0}
