{"iob":3.0112075638400007,"activity":0.05013838383838384,"bolusiob":0.05181604735999965}
