{"iob":0.6357283256727366,"activity":0.006476049506172841,"bolusiob":0}
