{"iob":1.7900993501234568,"activity":0.00782716049382716,"bolusiob":1.2125826449382717}
