{"iob":-0.0001298493155563185,"activity":0.020280359147025816,"bolusiob":0}
