{"iob":0.28563484659815225,"activity":0.001837160864197531,"bolusiob":0}
