{"iob":0.14955694306765432,"activity":0.00006740740740740741,"bolusiob":0}
