{"iob":0.5190317465600001,"activity":0.005902222222222222,"bolusiob":0.08433901824000012}
