{"iob":-0.04998806305975309,"activity":-0.0000032098765432098762,"bolusiob":0}
