{"iob":-0.37969878755555564,"activity":-0.0009407407407407407,"bolusiob":0}
