{"iob":2.5169460374807504,"activity":0.016040690134680135,"bolusiob":1.3697916930844447}
