{"iob":3.1674578432000002,"activity":0.012988888888888888,"bolusiob":2.2564308928}
