{"iob":0.7837782092166199,"activity":0.002594427530864198,"bolusiob":0}
