{"iob":3.439142421262223,"activity":0.042861010101010094,"bolusiob":0.8332429730488891}
