{"iob":0.5642432264533334,"activity":0.027892592592592594,"bolusiob":0}
