{"iob":0.08507834480790125,"activity":-0.0005089113355780023,"bolusiob":0}
