{"iob":0.24440277334485688,"activity":0.007017395622895624,"bolusiob":0}
