{"iob":0.6621844979200004,"activity":0.022092929292929293,"bolusiob":0}
