{"iob":-0.4276327425412346,"activity":-0.0010319135802469136,"bolusiob":0}
