{"iob":0.4932696811720427,"activity":0.0005420638271604938,"bolusiob":0}
