{"iob":1.52241539648,"activity":0.009356767676767675,"bolusiob":0.7600245542400001}
