{"iob":2.8440713907200013,"activity":0.03963555555555555,"bolusiob":0.2624556188799998}
