{"iob":2.755715858510876,"activity":0.021419136172839505,"bolusiob":0.3069104453333335}
