{"iob":2.090199101333333,"activity":0.030009090909090905,"bolusiob":0.2595167815308641}
