{"iob":-0.10671138657027171,"activity":0.013562783389450056,"bolusiob":0}
