{"iob":0.09990504590222223,"activity":0.00002074074074074074,"bolusiob":0}
