{"iob":0.1900701579851852,"activity":0.0015086419753086418,"bolusiob":0}
