{"iob":2.4454094912350204,"activity":0.0021271606621773285,"bolusiob":2.3502592608395063}
