{"iob":0.5406633206845135,"activity":0.006127497317620652,"bolusiob":0}
