{"iob":1.6012028440533332,"activity":0.008083097643097642,"bolusiob":0.9987068313600003}
