{"iob":0.45374544245739024,"activity":0.020864533670033682,"bolusiob":0}
