{"iob":-0.00042239989333306974,"activity":0.011411447811447815,"bolusiob":0}
