{"iob":0.2871330090814537,"activity":0.002594938395061728,"bolusiob":0}
