{"iob":-0.4287056135525926,"activity":-0.001155555555555556,"bolusiob":0}
