{"iob":0.09279660957234573,"activity":0.004431358024691358,"bolusiob":0}
