{"iob":2.8839283649422223,"activity":0.019751111111111108,"bolusiob":1.1799257228800004}
