{"iob":0.6497817888384734,"activity":0.0020624698765432095,"bolusiob":0}
