{"iob":4.252323104853333,"activity":0.025462222222222223,"bolusiob":2.07061771808}
