{"iob":0.28788877557827164,"activity":0.000689074074074074,"bolusiob":0}
