{"iob":0.3389082886430604,"activity":0.0006027386419753086,"bolusiob":0}
