{"iob":0.023959155381834598,"activity":0.004407519079685747,"bolusiob":0}
