{"iob":-0.035851239474567906,"activity":-0.0003297530864197531,"bolusiob":0}
