{"iob":0.830675423428946,"activity":0.02160067283950616,"bolusiob":0}
