{"iob":0.7709577133827161,"activity":0.0017580246913580248,"bolusiob":0.6955519557530865}
