{"iob":0.00042844266666622886,"activity":0.010851851851851856,"bolusiob":0}
