{"iob":0.2936368096869136,"activity":0.0004092592592592592,"bolusiob":0}
