{"iob":0.046948533222716055,"activity":0.00014617283950617285,"bolusiob":0}
