{"iob":-0.046652600191999974,"activity":0.014816992143658815,"bolusiob":0}
