{"iob":0.08051458239999998,"activity":0.0128989898989899,"bolusiob":0}
