{"iob":3.9125580569600005,"activity":0.048346666666666656,"bolusiob":0.5147570198400001}
