{"iob":1.885296038226173,"activity":0.00169358024691358,"bolusiob":1.8524755911269137}
