{"iob":0.7060301013466028,"activity":0.0020054327160493827,"bolusiob":0}
