{"iob":0.20875791648000008,"activity":0.005494444444444446,"bolusiob":0}
