{"iob":0.6665410068049383,"activity":0.003594320987654321,"bolusiob":0}
