{"iob":0.13833718322956814,"activity":0.006570201571268238,"bolusiob":0}
