{"iob":0.6489228342755556,"activity":0.01868563411896745,"bolusiob":0}
