{"iob":0.3920481692313581,"activity":0.0006054938271604939,"bolusiob":0}
