{"iob":0.4487734886400004,"activity":0.016172727272727273,"bolusiob":0}
