{"iob":0.1471445574044445,"activity":0.004439618406285073,"bolusiob":0}
