{"iob":4.4710468839348145,"activity":0.021747407407407406,"bolusiob":2.7370745751466665}
