{"iob":0.5170915555555556,"activity":0.026534792368125705,"bolusiob":0}
