{"iob":0.07831180359111115,"activity":0.002492480359147026,"bolusiob":0}
