{"iob":0.24431909936290658,"activity":0.0003677251851851852,"bolusiob":0}
