{"iob":0.036899319253333125,"activity":0.011473400673400674,"bolusiob":0}
