{"iob":-0.11843741029530865,"activity":-0.000660280583613917,"bolusiob":0}
