{"iob":0.0573977568001293,"activity":0.00354298507295174,"bolusiob":0}
