{"iob":-0.14876346687513242,"activity":-0.00012142876543209876,"bolusiob":0}
