{"iob":0.7226759048177782,"activity":0.02582413019079686,"bolusiob":0}
