{"iob":0.4574412412049383,"activity":0.0017493827160493824,"bolusiob":0.3414284492641976}
