{"iob":1.4972235913481482,"activity":0.0005148148148148148,"bolusiob":1.492326738725926}
