{"iob":0.03311444071111114,"activity":0.002473625140291808,"bolusiob":0}
