{"iob":1.1209705806864747,"activity":0.012444557789001129,"bolusiob":0}
