{"iob":2.267953958039377,"activity":0.008391999438832771,"bolusiob":1.6389056035555558}
