{"iob":0.4099538636088889,"activity":0.016732772166105497,"bolusiob":0}
