{"iob":0.023904624604444452,"activity":0.001098540965207632,"bolusiob":0}
