{"iob":2.101771973293827,"activity":0.027602469135802467,"bolusiob":0.23296940675555539}
