{"iob":-0.0008284306666666686,"activity":-0.0002028619528619529,"bolusiob":0}
