{"iob":0.7513455461304127,"activity":0.022393417227833893,"bolusiob":0}
