{"iob":0.04975263123753086,"activity":-0.00012351290684624018,"bolusiob":0}
