{"iob":0.5466904302222222,"activity":0.010496071829405162,"bolusiob":0}
