{"iob":0.3132503167644444,"activity":0.015454433221099885,"bolusiob":0}
