{"iob":0.529947982360494,"activity":0.009570998877665545,"bolusiob":0}
