{"iob":0.09403992000000003,"activity":0.007348484848484849,"bolusiob":0}
