{"iob":-0.20807754682074076,"activity":-0.0007996071829405164,"bolusiob":0}
