{"iob":-0.3001378506246914,"activity":-0.0014487037037037038,"bolusiob":0}
