{"iob":0.3185643541333333,"activity":0.007077441077441077,"bolusiob":0}
