{"iob":0.1942898331180247,"activity":0.0003822222222222222,"bolusiob":0}
