{"iob":-0.29249440463012344,"activity":-0.0004807407407407407,"bolusiob":0}
