{"iob":0.03565183487999981,"activity":0.009624242424242426,"bolusiob":0}
