{"iob":0.5094305099654323,"activity":0.00762608305274972,"bolusiob":0}
