{"iob":-0.19677539088592594,"activity":-0.00025160493827160494,"bolusiob":0}
