{"iob":0.7648022329204938,"activity":0.02186436588103255,"bolusiob":0}
