{"iob":1.2286626544197532,"activity":0.005945679012345678,"bolusiob":0.7560043431111111}
