{"iob":0.3428620252621878,"activity":0.0005382719753086419,"bolusiob":0}
