{"iob":0.8257706700444447,"activity":0.014803254769921437,"bolusiob":0}
