{"iob":0.40680608416000036,"activity":0.031026262626262627,"bolusiob":0}
