{"iob":0.024666425208888888,"activity":0.0006607182940516275,"bolusiob":0}
