{"iob":0.5291374665842721,"activity":0.0024726548148148145,"bolusiob":0}
