{"iob":1.474303239348148,"activity":0.002151851851851852,"bolusiob":1.4115597840592593}
