{"iob":0.06729405333333338,"activity":0.00281986531986532,"bolusiob":0}
