{"iob":0.63608405952,"activity":0.010973737373737373,"bolusiob":0.004285662080000052}
