{"iob":4.816182048094815,"activity":0.014179259259259256,"bolusiob":4.059264149712593}
