{"iob":0.07530258325333336,"activity":0.00667946127946128,"bolusiob":0}
