{"iob":0.04973267911901235,"activity":0.00003530864197530864,"bolusiob":0}
