{"iob":0.5134336947199998,"activity":0.015288888888888887,"bolusiob":0}
