{"iob":-0.019002739537777782,"activity":-0.0003719416386083053,"bolusiob":0}
