{"iob":0.12799274413934209,"activity":0.0006987655555555556,"bolusiob":0}
