{"iob":1.1702661715200002,"activity":0.03307272727272727,"bolusiob":0}
