{"iob":0.05291638762666667,"activity":0.0018225589225589224,"bolusiob":0}
