{"iob":0.10022038666666677,"activity":0.007432659932659932,"bolusiob":0}
