{"iob":2.2991600379733335,"activity":0.02256222222222222,"bolusiob":0.5163400985600002}
