{"iob":4.600306390123457,"activity":0.01691358024691358,"bolusiob":3.513991782716049}
