{"iob":2.1736084082725933,"activity":0.021312592592592577,"bolusiob":0.19685449472000013}
