{"iob":0.05226451295999995,"activity":0.011148484848484849,"bolusiob":0}
