{"iob":-0.2421761876997531,"activity":-0.0014748260381593715,"bolusiob":0}
