{"iob":3.522437056,"activity":0.012244444444444443,"bolusiob":2.7713843840000005}
