{"iob":3.2208616126908645,"activity":0.009162530864197532,"bolusiob":2.596929536}
