{"iob":0.6620410192000001,"activity":0.011656565656565657,"bolusiob":0.0018197167999998154}
