{"iob":1.6304442808888888,"activity":0.008725925925925923,"bolusiob":0.9034751813333336}
