{"iob":2.896386852077038,"activity":0.013546666666666662,"bolusiob":0.9522958853333335}
