{"iob":0.7440927635199998,"activity":0.029638383838383832,"bolusiob":0}
