{"iob":0.18274759697777787,"activity":0.006069584736251405,"bolusiob":0}
