{"iob":0.16316916469333323,"activity":0.015525925925925927,"bolusiob":0}
