{"iob":0.017895586666666692,"activity":0.0026730639730639734,"bolusiob":0}
