{"iob":2.72771778304,"activity":0.03239333333333333,"bolusiob":0.3981685241600001}
