{"iob":-0.22539690631506182,"activity":-0.0028014927048260383,"bolusiob":0}
