{"iob":0.39946305777777813,"activity":0.030914702581369247,"bolusiob":0}
