{"iob":4.479271183377778,"activity":0.00021363636363636333,"bolusiob":4.46564103751111}
