{"iob":-0.1819821913758025,"activity":-0.0023476879910213247,"bolusiob":0}
