{"iob":0.291376578801276,"activity":0.005061296419753086,"bolusiob":0}
