{"iob":-0.19830710189037037,"activity":-0.0001704938271604938,"bolusiob":0}
