{"iob":0.07042574947555556,"activity":0.0006748148148148148,"bolusiob":0}
