{"iob":2.826570896877037,"activity":0.015245185185185183,"bolusiob":1.5530454180266668}
