{"iob":0.03675976355555557,"activity":0.0007368125701459036,"bolusiob":0}
