{"iob":2.943094249097401,"activity":0.018718025061728403,"bolusiob":0.4825253253333333}
