{"iob":0.20592508615111113,"activity":0.0033793490460157127,"bolusiob":0}
