{"iob":-0.158443474083166,"activity":0.00454974847362514,"bolusiob":0}
