{"iob":1.764019117226667,"activity":0.027174074074074073,"bolusiob":0.09627303957333341}
