{"iob":3.3798399894281492,"activity":0.036845925925925914,"bolusiob":0.6061694424533339}
