{"iob":2.3250098903128205,"activity":0.03153949569023568,"bolusiob":-0.00031254218666680876}
