{"iob":-0.5578718234903705,"activity":0.00009473625140291739,"bolusiob":0}
