{"iob":-0.26620702927407414,"activity":-0.0037465656565656568,"bolusiob":0}
