{"iob":1.383644793837037,"activity":0.004992592592592592,"bolusiob":1.0678657886814815}
