{"iob":2.01847249184,"activity":0.044658585858585856,"bolusiob":0}
