{"iob":0.0009576604444444304,"activity":0.0007160493827160496,"bolusiob":0}
