{"iob":1.3657982026666666,"activity":0.003946296296296296,"bolusiob":0.8963312640000001}
