{"iob":0.1550154449066666,"activity":0.011007407407407407,"bolusiob":0}
