{"iob":0.19431181475753087,"activity":0.00038135802469135805,"bolusiob":0}
