{"iob":0.012370891413333335,"activity":0.002384511784511785,"bolusiob":0}
