{"iob":0.021687004444444435,"activity":0.002303591470258137,"bolusiob":0}
