{"iob":0.4363061799822223,"activity":-0.00032444444444444426,"bolusiob":0.7276336514844446}
