{"iob":0.5913716225422223,"activity":0.0006955555555555555,"bolusiob":0}
