{"iob":2.2276441634471955,"activity":0.009735707654320988,"bolusiob":1.2806282876049384}
