{"iob":0.19943849920790124,"activity":0.00008617283950617283,"bolusiob":0}
