{"iob":0.2140512101990792,"activity":0.008882154320987658,"bolusiob":0}
