{"iob":0.09965228494222222,"activity":0.00005111111111111112,"bolusiob":0}
