{"iob":-0.43432427539753093,"activity":-0.0020880246913580246,"bolusiob":0}
