{"iob":0.0196995756088889,"activity":0.0018758698092031427,"bolusiob":0}
