{"iob":1.425401375840416,"activity":0.01878664483726151,"bolusiob":0.3544893919960494}
