{"iob":0.42562388559882247,"activity":0.0012022224691358024,"bolusiob":0}
