{"iob":4.210772128916543,"activity":0.0068906172839506155,"bolusiob":3.9890296392217284}
