{"iob":2.4010851965471605,"activity":0.014743456790123457,"bolusiob":1.133602641991111}
