{"iob":1.7397780954325,"activity":0.010089861111111112,"bolusiob":1.0211701434175}
