{"iob":0.019312504285121893,"activity":0.006050211638608304,"bolusiob":0}
