{"iob":1.3228485151604938,"activity":0.0038716049382716044,"bolusiob":1.1172068250864198}
