{"iob":1.3711248589511116,"activity":0.02799786756453423,"bolusiob":0.05910541984000005}
