{"iob":0.289626584696297,"activity":0.0005645506172839507,"bolusiob":0}
