{"iob":0.05392853466666668,"activity":0.0010976430976430977,"bolusiob":0}
