{"iob":0.5670394946133334,"activity":0.005593400673400675,"bolusiob":0}
