{"iob":0.1623812908592593,"activity":0.002198400673400674,"bolusiob":0}
