{"iob":3.120194328127901,"activity":0.011672654320987658,"bolusiob":2.236895438822716}
