{"iob":0.024289768995555485,"activity":0.0053459034792368125,"bolusiob":0}
