{"iob":0.1342040000000001,"activity":0.013888888888888893,"bolusiob":0}
