{"iob":-0.2747891562493991,"activity":0.017955952435465775,"bolusiob":0}
