{"iob":0.3838490656000003,"activity":0.016929292929292933,"bolusiob":0}
