{"iob":-0.15421414286569468,"activity":-0.0018259933894500563,"bolusiob":0}
