{"iob":0.9351749525464454,"activity":0.028027698462401794,"bolusiob":0}
