{"iob":0.004629955555555532,"activity":0.016635802469135805,"bolusiob":0}
