{"iob":0.19826715722271604,"activity":0.00017679012345679017,"bolusiob":0}
