{"iob":0.1378939890725926,"activity":0.0005092592592592592,"bolusiob":0}
