{"iob":0.17826479799703707,"activity":0.002932267115600449,"bolusiob":0}
