{"iob":0.4609392657625731,"activity":0.008619455387205386,"bolusiob":0}
