{"iob":-0.02520508308523799,"activity":-0.0017262063411896747,"bolusiob":0}
