{"iob":0.0030582941511110963,"activity":0.0007625140291806959,"bolusiob":0}
