{"iob":1.4381144142933335,"activity":0.025548148148148146,"bolusiob":0.002132006506666284}
