{"iob":0.5603318976790124,"activity":0.0015135802469135803,"bolusiob":0.45893864493827163}
