{"iob":2.15951018752,"activity":0.038061616161616164,"bolusiob":0.005588446079999621}
