{"iob":-0.0997193044780247,"activity":-0.00004061728395061728,"bolusiob":0}
