{"iob":0.029237417457777786,"activity":0.0020109988776655444,"bolusiob":0}
