{"iob":2.1717305085977108,"activity":0.01048882480359147,"bolusiob":1.275033945777778}
