{"iob":1.4661361072,"activity":0.003156902356902357,"bolusiob":1.3813900181333334}
