{"iob":0.023882880106666674,"activity":0.0010983164983164983,"bolusiob":0}
