{"iob":2.8491816161533716,"activity":0.0077137150617283936,"bolusiob":2.2497308626488888}
