{"iob":-0.28486888539811395,"activity":0.0030973731762065095,"bolusiob":0}
