{"iob":0.47678210205503446,"activity":0.007360431593714928,"bolusiob":0}
