{"iob":0.7254117606456661,"activity":0.010089753221099887,"bolusiob":0}
