{"iob":0.08168662126222218,"activity":0.009392704826038163,"bolusiob":0}
