{"iob":0.39845203829333353,"activity":0.026839057239057242,"bolusiob":0}
