{"iob":-0.035030782433139535,"activity":-0.002647642817059484,"bolusiob":0}
