{"iob":0.2956274116977775,"activity":0.020601234567901233,"bolusiob":0}
