{"iob":-0.19737592177777777,"activity":-0.0002185185185185185,"bolusiob":0}
