{"iob":0.18300293795555564,"activity":0.0036593714927048264,"bolusiob":0}
