{"iob":0.6825835213866669,"activity":0.02817912457912458,"bolusiob":0}
