{"iob":-0.13135102702976179,"activity":-0.003576037878787879,"bolusiob":0}
