{"iob":0.17606691248271603,"activity":0.002512890011223345,"bolusiob":0}
