{"iob":0.34482872878222226,"activity":0.005621997755331089,"bolusiob":0.00877114535111112}
