{"iob":1.5761099669333336,"activity":0.024572390572390572,"bolusiob":0.07502576106666659}
