{"iob":0.3649080977422223,"activity":0.024769472502805843,"bolusiob":0}
