{"iob":1.1879382899200004,"activity":0.02572929292929293,"bolusiob":0}
