{"iob":2.6191405973333333,"activity":0.01845555555555555,"bolusiob":1.0296872960000003}
