{"iob":0.12774821771358025,"activity":0.0005288271604938272,"bolusiob":0}
