{"iob":1.1841402512118517,"activity":0.0014785185185185183,"bolusiob":1.1464185835140739}
