{"iob":0.1987669182494169,"activity":0.00012637234567901233,"bolusiob":0}
