{"iob":2.882259421835062,"activity":0.021450864197530863,"bolusiob":1.0461963462044446}
