{"iob":0.09597169536000012,"activity":0.006042424242424243,"bolusiob":0}
