{"iob":0.06680976922666669,"activity":0.0019132996632996635,"bolusiob":0}
