{"iob":-0.3667697780088889,"activity":-0.0012996296296296297,"bolusiob":0}
