{"iob":0.0018579484444443794,"activity":0.004471941638608307,"bolusiob":0}
