{"iob":0.557733358220057,"activity":0.01791941582491583,"bolusiob":0}
