{"iob":0.026744784874795962,"activity":0.003071604601571269,"bolusiob":0}
