{"iob":0.1888315219703209,"activity":0.0025666387317620654,"bolusiob":0}
