{"iob":2.18673094047921,"activity":0.01666641975308642,"bolusiob":0.6020042792256792}
