{"iob":2.487367043397531,"activity":0.023350617283950614,"bolusiob":0.6092997256888892}
