{"iob":3.44858850784,"activity":0.05225959595959595,"bolusiob":0.2234334233599992}
