{"iob":5.205949780653827,"activity":0.0077602469135802455,"bolusiob":4.975538240837531}
