{"iob":-0.04556175600000003,"activity":-0.0023813131313131317,"bolusiob":0}
