{"iob":-0.00017693727999999466,"activity":-0.0005013468013468015,"bolusiob":0}
