{"iob":0.728450535754273,"activity":0.0012515438271604939,"bolusiob":0}
