{"iob":-0.29009408533244757,"activity":-0.00418067051627385,"bolusiob":0}
