{"iob":3.3556279468617287,"activity":0.004133888888888888,"bolusiob":3.0663245313264196}
