{"iob":1.6585909113448323,"activity":0.009647874332210997,"bolusiob":0}
