{"iob":0.24846228510380391,"activity":0.00016781333333333335,"bolusiob":0}
