{"iob":0.27427268144558137,"activity":0.008182827609427611,"bolusiob":0}
