{"iob":1.6557154456769967,"activity":0.010702773164983163,"bolusiob":0.21449364728888892}
