{"iob":-0.00473955016888889,"activity":-0.00134304152637486,"bolusiob":0}
