{"iob":4.859537735111111,"activity":0.009518518518518518,"bolusiob":4.501612807111111}
