{"iob":0.2897237462488037,"activity":0.012589337373737372,"bolusiob":0}
