{"iob":0.5225565850864198,"activity":0.002402469135802469,"bolusiob":0.36664045234567905}
