{"iob":-0.19674252131555556,"activity":-0.0002534567901234568,"bolusiob":0}
