{"iob":0.3274640589511112,"activity":0.012213692480359148,"bolusiob":0}
