{"iob":2.343949562460201,"activity":0.006339907126823793,"bolusiob":1.9384348223209877}
