{"iob":0.5330672164503704,"activity":0.0023096296296296294,"bolusiob":0}
