{"iob":0.7296230168888891,"activity":0.011438832772166107,"bolusiob":0.03247090311111118}
