{"iob":0.2976503945797531,"activity":0.0002459259259259259,"bolusiob":0}
