{"iob":-0.09540644376888895,"activity":0.0012809876543209886,"bolusiob":0}
