{"iob":0.13232462540641976,"activity":0.0004128395061728395,"bolusiob":0}
