{"iob":0.40255939300137034,"activity":0.007004001313131313,"bolusiob":0}
