{"iob":0.6366992285550619,"activity":0.024134276094276097,"bolusiob":0}
