{"iob":1.9832781155200008,"activity":0.03818989898989899,"bolusiob":0}
