{"iob":-0.4802937981015297,"activity":-0.0020617375308641973,"bolusiob":0}
