{"iob":0.3750866485333334,"activity":0.007410774410774411,"bolusiob":0}
