{"iob":0.11540530688000006,"activity":0.01124040404040404,"bolusiob":0}
