{"iob":1.9124762908444446,"activity":0.004874074074074073,"bolusiob":1.6824015900444447}
