{"iob":0.8117879200000002,"activity":0.012398989898989899,"bolusiob":0.048540079999999874}
