{"iob":2.690264307626667,"activity":0.001473333333333333,"bolusiob":2.670880238506667}
