{"iob":0.4406836327601457,"activity":0.0169299657687991,"bolusiob":0}
