{"iob":2.6672598729955554,"activity":0.02422814814814815,"bolusiob":0.6950287870933334}
