{"iob":0.08618329375604938,"activity":-0.0008220763187429857,"bolusiob":0}
