{"iob":0.1507556390399999,"activity":0.012963636363636365,"bolusiob":0}
