{"iob":0.1619895126755556,"activity":0.0030307519640852976,"bolusiob":0.000039302257777773523}
