{"iob":0.22501011447439603,"activity":0.00618052699214366,"bolusiob":0}
