{"iob":0.217612194275555,"activity":0.02148731762065095,"bolusiob":0}
