{"iob":0.5169280227555557,"activity":0.01760666666666667,"bolusiob":0}
