{"iob":-0.015649720076166884,"activity":0.004554856408529743,"bolusiob":0}
