{"iob":-0.46937070326518526,"activity":-0.0024338720538720545,"bolusiob":0}
