{"iob":1.280296319448889,"activity":0.022898092031425368,"bolusiob":0.00008566293333345243}
