{"iob":-0.0005263190400001672,"activity":0.008421212121212121,"bolusiob":0}
