{"iob":0.671783169236728,"activity":0.0006647539506172834,"bolusiob":0}
