{"iob":0.34531749134631223,"activity":0.0003856793827160494,"bolusiob":0}
