{"iob":0.8018984260266667,"activity":0.008595555555555554,"bolusiob":0.14940076543999997}
