{"iob":0.06900125027555558,"activity":0.0024145903479236815,"bolusiob":0}
