{"iob":0.06998147868444443,"activity":0.024522783389450055,"bolusiob":0}
