{"iob":0.2508454654222223,"activity":0.017566778900112236,"bolusiob":0}
