{"iob":0.19846538432790123,"activity":0.00015506172839506173,"bolusiob":0}
