{"iob":4.580776795780742,"activity":0.031061481481481475,"bolusiob":1.9000125774933343}
