{"iob":0.1768144992177778,"activity":0.000824320987654321,"bolusiob":0}
