{"iob":2.6576363288039935,"activity":0.026281729629629626,"bolusiob":0.18265094499555543}
