{"iob":0.5283790054198125,"activity":0.008713282547699217,"bolusiob":0}
