{"iob":-0.3350563067370247,"activity":-0.0026599100448933787,"bolusiob":0}
