{"iob":0.007834042453332479,"activity":0.017589562289562287,"bolusiob":0}
