{"iob":0.09203888732444462,"activity":0.008909315375982043,"bolusiob":0}
