{"iob":0.30290467159111095,"activity":0.016257463524130194,"bolusiob":0}
