{"iob":0.25859582399999986,"activity":0.014333333333333335,"bolusiob":0}
