{"iob":0.18415944976592594,"activity":-0.0014533445566778903,"bolusiob":0}
