{"iob":5.837212626062223,"activity":0.02036222222222222,"bolusiob":4.584609512248889}
