{"iob":0.18742798232888888,"activity":0.007534455667789001,"bolusiob":0}
