{"iob":0.9713351223153454,"activity":0.0031781492592592594,"bolusiob":0}
