{"iob":1.3627488871764275,"activity":0.004911077530864197,"bolusiob":0}
