{"iob":0.9395540049514299,"activity":0.004940248148148147,"bolusiob":0}
