{"iob":-0.29329329066666665,"activity":-0.00042777777777777774,"bolusiob":0}
