{"iob":1.131896859799746,"activity":0.004191976543209876,"bolusiob":0}
