{"iob":0.8061482863458117,"activity":0.009424276049382715,"bolusiob":0}
