{"iob":0.2586336066844446,"activity":0.028765207631874297,"bolusiob":0}
