{"iob":1.794210073716667,"activity":0.02788526936026936,"bolusiob":0.08707775601777784}
