{"iob":0.6856301262222222,"activity":0.0011148148148148146,"bolusiob":0.6499531982222223}
