{"iob":0.09971113921580248,"activity":0.00004160493827160494,"bolusiob":0}
