{"iob":0.9405128605155556,"activity":0.016935802469135803,"bolusiob":0.00013294961777758908}
