{"iob":-0.51475652627451,"activity":-0.001508519135802469,"bolusiob":0}
