{"iob":-0.000006452000000001234,"activity":0.0003131313131313132,"bolusiob":0}
