{"iob":1.0193612879644445,"activity":0.009042962962962961,"bolusiob":0.27730701674666663}
