{"iob":2.673775147982222,"activity":0.04287586980920314,"bolusiob":0.08803585681777767}
