{"iob":0.01918065120000001,"activity":0.005924242424242426,"bolusiob":0}
