{"iob":0.3115239290832423,"activity":0.005324902918069584,"bolusiob":0}
