{"iob":0.001397372977777478,"activity":0.011658810325476995,"bolusiob":0}
