{"iob":0.8066755846360494,"activity":0.0012178226711560044,"bolusiob":0.7947430344375309}
