{"iob":0.049215164000000027,"activity":0.002421717171717172,"bolusiob":0}
