{"iob":4.125408943755062,"activity":0.010054567901234567,"bolusiob":3.6686715901313582}
