{"iob":0.8576416163555557,"activity":0.004429629629629629,"bolusiob":0}
