{"iob":0.5673937445333335,"activity":0.011143097643097642,"bolusiob":0}
