{"iob":1.3451986826666673,"activity":0.0277003367003367,"bolusiob":0}
