{"iob":-0.088832008172278,"activity":-0.0023130750280583616,"bolusiob":0}
