{"iob":0.11652815230222223,"activity":0.0012641189674523008,"bolusiob":0}
