{"iob":4.208292224,"activity":0.024333333333333332,"bolusiob":2.1364720960000003}
