{"iob":3.953054901617778,"activity":0.02616170594837261,"bolusiob":1.820436925440001}
