{"iob":-0.0026608015325142106,"activity":-0.0025982715600448942,"bolusiob":0}
