{"iob":0.24576993120000018,"activity":0.008954545454545455,"bolusiob":0}
