{"iob":0.042514686666666725,"activity":0.003531144781144782,"bolusiob":0}
