{"iob":-0.45263929878123466,"activity":-0.0017139506172839502,"bolusiob":0}
