{"iob":0.15381240760888906,"activity":0.013803479236812573,"bolusiob":0}
