{"iob":0.12207964400000004,"activity":0.0030277777777777777,"bolusiob":0}
