{"iob":0.48830570019555575,"activity":0.0219300785634119,"bolusiob":0.00015696711111110596}
