{"iob":3.991131840853333,"activity":0.02931555555555555,"bolusiob":1.4773538940800006}
