{"iob":0.0036343982733333282,"activity":0.001127861952861953,"bolusiob":0}
