{"iob":0.17996261546666698,"activity":0.008346801346801349,"bolusiob":0}
