{"iob":0.5396512873955556,"activity":0.0007196296296296296,"bolusiob":0}
