{"iob":0.2956048298666668,"activity":0.009361952861952863,"bolusiob":0}
