{"iob":0.4950821856000003,"activity":0.01793939393939394,"bolusiob":0}
