{"iob":-0.3699617191437807,"activity":-0.004595045016835018,"bolusiob":0}
