{"iob":-0.1488155321362963,"activity":-0.00011864197530864199,"bolusiob":0}
