{"iob":-0.3961272858755768,"activity":-0.0035311453984287317,"bolusiob":0}
