{"iob":-0.305704509716444,"activity":-0.0026069134118967456,"bolusiob":0}
