{"iob":-0.01405186002064747,"activity":-0.0028878399999999996,"bolusiob":0}
