{"iob":1.4262507593244447,"activity":0.03433153759820426,"bolusiob":0}
