{"iob":0.4663668590380247,"activity":0.0023109876543209876,"bolusiob":0.12336942222222227}
