{"iob":4.361532725617778,"activity":0.019319955106621767,"bolusiob":3.1272317201066673}
