{"iob":0.15032628736000006,"activity":0.021074747474747472,"bolusiob":0}
