{"iob":-0.24720757313074207,"activity":-0.00024797999999999997,"bolusiob":0}
