{"iob":0.7596369388977778,"activity":0.00898523007856341,"bolusiob":0}
