{"iob":1.267521204693333,"activity":0.003471111111111111,"bolusiob":0}
