{"iob":2.9629003594708463,"activity":0.010003591851851847,"bolusiob":1.92762443776}
