{"iob":0.17367405599604946,"activity":0.005226677890011224,"bolusiob":0}
