{"iob":2.729825896991605,"activity":0.00829901234567901,"bolusiob":2.2746347630775308}
