{"iob":0.020182953511111094,"activity":0.008272783389450058,"bolusiob":0}
