{"iob":0.8216136320000004,"activity":0.023313131313131313,"bolusiob":0}
