{"iob":2.6007028624799,"activity":0.005855494320987653,"bolusiob":1.666450658196543}
