{"iob":0.0014936460799999996,"activity":0.0005585858585858588,"bolusiob":0}
