{"iob":-0.09905813773432098,"activity":-0.00008790123456790123,"bolusiob":0}
