{"iob":1.304159917037037,"activity":0.006592592592592593,"bolusiob":0.7677942533333333}
