{"iob":-0.032620495439012354,"activity":-0.0003669135802469136,"bolusiob":0}
