{"iob":4.452306799296791,"activity":0.02383432098765432,"bolusiob":2.5175294295822224}
