{"iob":0.15055399281777782,"activity":0.0031099887766554437,"bolusiob":0}
