{"iob":0.7608689466666669,"activity":0.012154882154882155,"bolusiob":0.026448653333333405}
