{"iob":-0.36431039757248623,"activity":0.01646621734006734,"bolusiob":0}
