{"iob":-0.3908795884729116,"activity":-0.0005798712345679013,"bolusiob":0}
