{"iob":0.5530486157057797,"activity":0.009834757575757575,"bolusiob":0}
