{"iob":0.3187610809066667,"activity":0.006512794612794614,"bolusiob":0}
