{"iob":0.24360337066666718,"activity":0.022680134680134686,"bolusiob":0}
