{"iob":-0.21983571158913584,"activity":-0.0023309090909090914,"bolusiob":0}
