{"iob":1.2088653483453855,"activity":0.0035683345679012345,"bolusiob":0}
