{"iob":0.04649667953777792,"activity":0.00885409652076319,"bolusiob":0}
