{"iob":-0.4334121943680843,"activity":-0.0008907579012345679,"bolusiob":0}
