{"iob":-0.09888336380839508,"activity":-0.00010641975308641976,"bolusiob":0}
