{"iob":1.693440183466667,"activity":0.041084175084175084,"bolusiob":0}
