{"iob":0.10034973600000004,"activity":0.0028737373737373743,"bolusiob":0}
