{"iob":0.04972975616,"activity":0.00003555555555555555,"bolusiob":0}
