{"iob":1.8123185524503704,"activity":0.012297003367003363,"bolusiob":0.6157466615466669}
