{"iob":0.7686401853155558,"activity":0.023870482603815937,"bolusiob":0}
