{"iob":0.044372719111111125,"activity":0.0007783389450056117,"bolusiob":0}
