{"iob":0.4742060055547254,"activity":0.003363025185185185,"bolusiob":0}
