{"iob":0.542309513152283,"activity":0.0006171258024691359,"bolusiob":0}
