{"iob":3.6312581521382716,"activity":0.009385409652076317,"bolusiob":3.180486885530864}
