{"iob":0.3473141596870293,"activity":0.00028246950617283946,"bolusiob":0}
