{"iob":0.011598043520000111,"activity":0.005317171717171718,"bolusiob":0}
