{"iob":-0.13472144116483542,"activity":-0.0012717285185185187,"bolusiob":0}
