{"iob":0.06095484679111107,"activity":0.027045342312008974,"bolusiob":0}
