{"iob":-0.09776981744987656,"activity":-0.002174365881032548,"bolusiob":0}
