{"iob":3.7376956586666665,"activity":0.009244444444444444,"bolusiob":3.3124171946666667}
