{"iob":2.222467623237531,"activity":0.004849876543209875,"bolusiob":2.0222055898390123}
