{"iob":0.027163496888888927,"activity":0.005782267115600448,"bolusiob":0}
