{"iob":0.3570038162488891,"activity":0.02246105499438833,"bolusiob":0}
