{"iob":2.986856826548148,"activity":0.01207729517396184,"bolusiob":2.1289973999881475}
