{"iob":-0.47792548092049386,"activity":-0.0034295510662177326,"bolusiob":0}
