{"iob":0.6282645280482367,"activity":0.007320347789001122,"bolusiob":0}
