{"iob":5.818809319348149,"activity":0.011896296296296294,"bolusiob":5.35455226405926}
