{"iob":0.18232532551111114,"activity":0.0036554433221099897,"bolusiob":0}
