{"iob":0.07373622144000018,"activity":0.024669696969696977,"bolusiob":0}
