{"iob":2.55413088689904,"activity":0.012579965308641972,"bolusiob":0.9963280909866667}
