{"iob":0.15467651043590686,"activity":0.0029318179461279466,"bolusiob":0}
