{"iob":0.29027388066334,"activity":0.0005927162962962964,"bolusiob":0}
