{"iob":-0.07858343541728396,"activity":-0.00057,"bolusiob":0}
