{"iob":0.8825984634666671,"activity":0.017196464646464647,"bolusiob":0}
