{"iob":4.875213292942223,"activity":0.003339259259259259,"bolusiob":4.823116681102222}
