{"iob":0.1433255419891358,"activity":0.0003644444444444444,"bolusiob":0}
