{"iob":0.06862968444839507,"activity":0.0006958024691358025,"bolusiob":0}
