{"iob":0.0011633638755555564,"activity":0.00039135802469135797,"bolusiob":0}
