{"iob":1.769075734134997,"activity":0.010944427272727278,"bolusiob":0}
