{"iob":1.859338755555556,"activity":0.036433782267115605,"bolusiob":0}
