{"iob":0.011619383466666466,"activity":0.020882154882154884,"bolusiob":0}
