{"iob":-0.0027039137738164576,"activity":0.003528471941638609,"bolusiob":0}
