{"iob":-0.12833380201283956,"activity":-0.0003008305274971943,"bolusiob":0}
