{"iob":-0.008276133546666661,"activity":-0.0015912457912457914,"bolusiob":0}
