{"iob":4.599197376031605,"activity":0.02345086419753086,"bolusiob":2.6835230248177777}
