{"iob":0.20747320166286198,"activity":-0.001830461346801347,"bolusiob":0}
