{"iob":1.2058970606222967,"activity":0.014700989135802468,"bolusiob":0}
