{"iob":0.0758999182321337,"activity":0.014537856172839508,"bolusiob":0}
