{"iob":1.1063944846604095,"activity":0.012493183176206513,"bolusiob":0}
