{"iob":0.15685298272000034,"activity":0.021579797979797987,"bolusiob":0}
