{"iob":-0.37417445332013854,"activity":-0.0010197972839506174,"bolusiob":0}
