{"iob":0.09971730056799633,"activity":0.000039118271604938275,"bolusiob":0}
