{"iob":1.441067336599125,"activity":0.02072808154882155,"bolusiob":0}
