{"iob":0.3686519952869136,"activity":0.0025516947250280586,"bolusiob":0.11241045788444444}
