{"iob":-0.07540147228444444,"activity":-0.0013209988776655447,"bolusiob":0}
