{"iob":-0.5341899298083952,"activity":-0.0029963580246913585,"bolusiob":0}
