{"iob":0.09153148215209878,"activity":0.0003484567901234568,"bolusiob":0}
