{"iob":-0.33738890152098766,"activity":-0.0011809203142536479,"bolusiob":0}
