{"iob":0.08029666400000002,"activity":0.0020252525252525255,"bolusiob":0}
