{"iob":0.39094608656562657,"activity":0.0056566221212121185,"bolusiob":0}
