{"iob":0.30149713322666677,"activity":0.005936700336700337,"bolusiob":0}
