{"iob":0.1660350571733332,"activity":0.015570370370370368,"bolusiob":0}
