{"iob":-0.023139832995555568,"activity":-0.0006497755331088665,"bolusiob":0}
