{"iob":2.8606307966933335,"activity":0.006712794612794612,"bolusiob":2.5533509376}
