{"iob":-0.2436620194519139,"activity":-0.0003947092592592593,"bolusiob":0}
