{"iob":0.013154519893333294,"activity":0.0032430976430976436,"bolusiob":0}
