{"iob":-0.000008401457777795774,"activity":0.0003240179573512907,"bolusiob":0}
