{"iob":3.5658850652602467,"activity":0.02690716049382716,"bolusiob":1.2676598778311112}
