{"iob":1.6128768181728392,"activity":0.01854320987654321,"bolusiob":0.255219136888889}
