{"iob":1.964694235064631,"activity":0.030776161111111113,"bolusiob":0.26558271999999983}
