{"iob":0.7641356509718519,"activity":0.0017099382716049384,"bolusiob":0}
