{"iob":0.0005000586666666696,"activity":0.001336700336700337,"bolusiob":0}
