{"iob":2.486924056888889,"activity":0.0017407407407407406,"bolusiob":2.4593020942222226}
