{"iob":0.1294873947330069,"activity":0.002582042480359147,"bolusiob":0}
