{"iob":0.9938634607999999,"activity":0.024005050505050505,"bolusiob":0}
