{"iob":1.342388160237037,"activity":0.005874074074074073,"bolusiob":0.908716267614815}
