{"iob":0.09399515417283952,"activity":0.0011407407407407408,"bolusiob":0}
