{"iob":0.08163314988246914,"activity":0.0005261728395061729,"bolusiob":0}
