{"iob":0.09996670972839505,"activity":0.000008641975308641977,"bolusiob":0}
