{"iob":6.78990599473507,"activity":0.02548700269360269,"bolusiob":5.6998487686953085}
