{"iob":3.6441532447288894,"activity":0.05108444444444443,"bolusiob":0.32992666336000015}
