{"iob":2.468351812835556,"activity":0.025075555555555552,"bolusiob":0.5163809331200001}
