{"iob":0.9337099718953086,"activity":0.019406936026936026,"bolusiob":0.1586809499022222}
