{"iob":1.672144908887125,"activity":0.008760989876543208,"bolusiob":0}
