{"iob":0.11537100807111106,"activity":0.009975533108866442,"bolusiob":0}
