{"iob":1.8070772906666672,"activity":0.03560942760942761,"bolusiob":0}
