{"iob":0.15106615975111126,"activity":0.02667934904601571,"bolusiob":0}
