{"iob":0.14647671861728395,"activity":0.00025185185185185185,"bolusiob":0}
