{"iob":1.4608144237037037,"activity":0.00274074074074074,"bolusiob":1.3615307614814816}
