{"iob":0.3879078346330865,"activity":0.009062581369248037,"bolusiob":0}
