{"iob":-0.39793426031407414,"activity":-0.0017699999999999999,"bolusiob":0}
