{"iob":1.4065969728,"activity":0.0044333333333333325,"bolusiob":1.1559458112}
