{"iob":-0.0996988657145679,"activity":-0.000044197530864197535,"bolusiob":0}
