{"iob":0.05648356142222224,"activity":0.004704826038159373,"bolusiob":0}
