{"iob":0.023781121907765868,"activity":0.003326836756453424,"bolusiob":0}
