{"iob":0.11200749984424485,"activity":0.0052230634680134665,"bolusiob":0}
