{"iob":1.8578288832790124,"activity":0.006350617283950617,"bolusiob":1.4736563686716049}
