{"iob":0.0056426622735802345,"activity":0.0024513468013468015,"bolusiob":0}
