{"iob":-0.05887191261226023,"activity":-0.002081705780022447,"bolusiob":0}
