{"iob":0.399059307927509,"activity":0.008385437429854098,"bolusiob":0}
