{"iob":0.17401859655111113,"activity":0.0008429629629629631,"bolusiob":0}
