{"iob":0.6585289008671604,"activity":0.00412641975308642,"bolusiob":0.30308756593777786}
