{"iob":0.20530025152000017,"activity":0.008145454545454546,"bolusiob":0}
