{"iob":0.012932693333333467,"activity":0.010875420875420873,"bolusiob":0}
