{"iob":0.6031998792396633,"activity":0.015412567721661054,"bolusiob":0}
