{"iob":0.8039656890311109,"activity":0.03902210998877665,"bolusiob":0}
