{"iob":0.04205778904636074,"activity":0.005032137878787879,"bolusiob":0}
