{"iob":1.1102504228029633,"activity":0.0036281481481481486,"bolusiob":0}
