{"iob":3.013042913580247,"activity":0.02919753086419753,"bolusiob":0.6938814444444444}
