{"iob":0.44913208743111127,"activity":0.021699887766554432,"bolusiob":0}
