{"iob":0.21476321694814815,"activity":0.0011395061728395061,"bolusiob":0}
