{"iob":-0.0011718936888888867,"activity":-0.0008815937149270484,"bolusiob":0}
