{"iob":1.5587372261003007,"activity":0.025190315757575764,"bolusiob":0.028999584639999944}
