{"iob":-0.2957547933639769,"activity":-0.00033304728395061725,"bolusiob":0}
