{"iob":0.02265710808888888,"activity":0.004031425364758699,"bolusiob":0}
