{"iob":1.775118047786667,"activity":0.027795286195286196,"bolusiob":0.08020940181333358}
