{"iob":0.2566944555595062,"activity":0.004542716049382715,"bolusiob":0}
