{"iob":-0.4946182556434569,"activity":-0.0030031088664422005,"bolusiob":0}
