{"iob":6.26483333504,"activity":0.004573333333333333,"bolusiob":6.18982466816}
