{"iob":0.568160624401161,"activity":0.0015837659259259258,"bolusiob":0}
