{"iob":0.3629228793028775,"activity":0.004623810639730639,"bolusiob":0}
