{"iob":-0.36253901029925933,"activity":-0.0032864197530864197,"bolusiob":0}
