{"iob":3.4357049619753086,"activity":0.005228395061728395,"bolusiob":3.27767860345679}
