{"iob":0.005919018791111097,"activity":0.002412514029180696,"bolusiob":0}
