{"iob":0.017853587530286485,"activity":0.0024290290684624016,"bolusiob":0}
