{"iob":0.044765228444444485,"activity":0.005785072951739618,"bolusiob":0}
