{"iob":-0.2931456501412346,"activity":-0.00044185185185185186,"bolusiob":0}
