{"iob":-0.08512930153642843,"activity":-0.0032056675084175088,"bolusiob":0}
