{"iob":0.4827897344,"activity":0.0010666666666666665,"bolusiob":0.4382706176}
