{"iob":0.3785877017517932,"activity":0.007681959674523007,"bolusiob":0}
