{"iob":-0.34343757296338695,"activity":-0.0004615603703703704,"bolusiob":0}
