{"iob":3.123714529584198,"activity":0.026138720538720538,"bolusiob":1.3874844365116048}
