{"iob":-0.19686230044444444,"activity":-0.00024814814814814816,"bolusiob":0}
