{"iob":-0.09799608400000002,"activity":-0.002856060606060606,"bolusiob":0}
