{"iob":-0.18691272701983913,"activity":0.002409135656565658,"bolusiob":0}
