{"iob":3.3699838138943212,"activity":0.013274320987654319,"bolusiob":2.4684378084661733}
