{"iob":1.2240949972977777,"activity":0.018278563411896744,"bolusiob":0.27422153813333344}
