{"iob":0.7069284298666667,"activity":0.011887205387205387,"bolusiob":0.009803346133333335}
