{"iob":1.6446327132088892,"activity":0.04615398428731762,"bolusiob":0}
