{"iob":0.8832653584020483,"activity":0.02050151470258137,"bolusiob":0}
