{"iob":3.0041323967841973,"activity":0.007469023569023569,"bolusiob":2.7502280790123455}
