{"iob":0.28807140445919205,"activity":0.0019334793602693602,"bolusiob":0}
