{"iob":0.5752737343288892,"activity":0.012235802469135802,"bolusiob":0}
