{"iob":1.457018342609921,"activity":0.006131977160493827,"bolusiob":0}
