{"iob":0.9339220241066668,"activity":0.006968888888888887,"bolusiob":0.3376578137600001}
