{"iob":0.36650343178271605,"activity":0.0031839506172839506,"bolusiob":0}
