{"iob":1.8081671111111113,"activity":0.017814814814814815,"bolusiob":0.4028301333333335}
