{"iob":0.09733531130469136,"activity":0.00018148148148148147,"bolusiob":0}
