{"iob":0.40061732067818173,"activity":0.002969175768799101,"bolusiob":0}
