{"iob":0.4413397974373874,"activity":0.006782380673400672,"bolusiob":0}
