{"iob":0.8126636059654323,"activity":0.0051679012345679015,"bolusiob":0}
