{"iob":0.08910378680888889,"activity":0.00039925925925925925,"bolusiob":0}
