{"iob":0.30738591716345687,"activity":0.0014665432098765433,"bolusiob":0}
