{"iob":-0.18792155252309514,"activity":-0.00394640824915825,"bolusiob":0}
