{"iob":0.1600766074654635,"activity":0.004124343378226713,"bolusiob":0}
