{"iob":1.0843171782558025,"activity":0.018601818181818185,"bolusiob":0.24462290324543212}
