{"iob":0.32264928340813825,"activity":0.0068191914141414135,"bolusiob":0}
