{"iob":0.038836059271111126,"activity":0.0012332210998877665,"bolusiob":0}
