{"iob":-0.021210874880000043,"activity":-0.001860606060606061,"bolusiob":0}
