{"iob":-0.12103206584731246,"activity":-0.000964702704826038,"bolusiob":0}
