{"iob":-0.4258810226251852,"activity":-0.0010977777777777778,"bolusiob":0}
