{"iob":-0.08352160821728397,"activity":-0.0004966666666666666,"bolusiob":0}
