{"iob":-0.04914597649382717,"activity":-0.00007160493827160493,"bolusiob":0}
