{"iob":0.19954102382222205,"activity":0.017351627384960717,"bolusiob":0}
