{"iob":0.9424582049422227,"activity":0.020638496071829406,"bolusiob":0}
