{"iob":3.4472797707377785,"activity":0.016130370370370368,"bolusiob":2.3570620166795067}
