{"iob":0.2956901884444445,"activity":0.008411335578002246,"bolusiob":0}
