{"iob":-0.5230494691630434,"activity":-0.0012613586419753088,"bolusiob":0}
