{"iob":4.93961034982716,"activity":0.005839506172839506,"bolusiob":4.797374554864197}
