{"iob":2.194495125807407,"activity":0.019251851851851853,"bolusiob":0.6090055402666666}
