{"iob":0.3118291819993019,"activity":0.001330494197530864,"bolusiob":0}
