{"iob":-0.09581033568000002,"activity":-0.004592929292929294,"bolusiob":0}
