{"iob":4.844612353611852,"activity":0.026965925925925924,"bolusiob":2.569928628373334}
