{"iob":1.954275555871605,"activity":0.003387654320987654,"bolusiob":1.8396883923753087}
