{"iob":1.3470044363833338,"activity":0.02559570707070707,"bolusiob":0}
