{"iob":-0.33730940092839506,"activity":-0.0006880246913580246,"bolusiob":0}
