{"iob":-0.04820314844444445,"activity":-0.00010925925925925925,"bolusiob":0}
