{"iob":-0.14881957086814815,"activity":-0.00011802469135802468,"bolusiob":0}
