{"iob":1.2358523821571428,"activity":0.02645953992143658,"bolusiob":0}
