{"iob":0.435881794765819,"activity":0.0008711113580246912,"bolusiob":0}
