{"iob":1.3197246222222228,"activity":0.0331341189674523,"bolusiob":0}
