{"iob":0.09456680086123456,"activity":0.00027382716049382714,"bolusiob":0}
