{"iob":0.09571512227555538,"activity":0.012827048260381592,"bolusiob":0}
