{"iob":-0.14883333694419754,"activity":-0.00011679012345679012,"bolusiob":0}
