{"iob":0.6436375563222739,"activity":0.002323148888888889,"bolusiob":0}
