{"iob":0.09954141370469137,"activity":0.00006395061728395061,"bolusiob":0}
