{"iob":-0.19710151560726152,"activity":-0.00021732814814814816,"bolusiob":0}
