{"iob":0.16598527562666673,"activity":0.023270033670033666,"bolusiob":0}
