{"iob":3.5757967476622223,"activity":0.007783703703703702,"bolusiob":3.255082499982223}
