{"iob":2.3222434563792587,"activity":0.014575802469135802,"bolusiob":0.8330203934577779}
