{"iob":0.9094691063111116,"activity":0.023443322109988778,"bolusiob":0}
