{"iob":0.4810390435555556,"activity":0.0031999999999999993,"bolusiob":0}
