{"iob":4.265248345647408,"activity":0.03536814814814814,"bolusiob":1.3044140142933338}
