{"iob":0.490641937651358,"activity":0.004751358024691357,"bolusiob":0.11313947406222225}
