{"iob":2.111525037795556,"activity":0.005117037037037036,"bolusiob":1.8802164605155558}
