{"iob":0.031813102151111265,"activity":0.008797530864197534,"bolusiob":0}
