{"iob":0.3969329636187654,"activity":0.0003224691358024691,"bolusiob":0}
