{"iob":0.013262159608888902,"activity":0.0005687991021324356,"bolusiob":0}
