{"iob":-0.5551868371899753,"activity":-0.005331913580246915,"bolusiob":0}
