{"iob":-0.01888330028444445,"activity":-0.00037126823793490465,"bolusiob":0}
