{"iob":2.996390432839013,"activity":0.014199567901234566,"bolusiob":1.7898855537777785}
