{"iob":0.5020631454138503,"activity":0.007366238058361391,"bolusiob":0}
