{"iob":0.008480428160000253,"activity":0.006561616161616165,"bolusiob":0}
