{"iob":0.9735454809600002,"activity":0.019784848484848485,"bolusiob":0}
