{"iob":0.31503988079802475,"activity":0.0014792480359147027,"bolusiob":0}
