{"iob":0.30613663906027966,"activity":0.0014983954320987656,"bolusiob":0}
