{"iob":0.09105051669333333,"activity":0.000994163860830528,"bolusiob":0}
