{"iob":0.09966157695209876,"activity":0.000050123456790123455,"bolusiob":0}
