{"iob":-0.3605995140385186,"activity":-0.0031594949494949498,"bolusiob":0}
