{"iob":0.13216640839111088,"activity":0.019959147025813695,"bolusiob":0}
