{"iob":0.3379138693333336,"activity":0.01775925925925926,"bolusiob":0}
