{"iob":1.1382758605432097,"activity":0.005569135802469136,"bolusiob":0.6927667182222222}
