{"iob":0.5234052456899561,"activity":0.007343428226711561,"bolusiob":0}
