{"iob":0.6006197002066667,"activity":0.006139259259259261,"bolusiob":0}
