{"iob":0.10565631966222222,"activity":0.0015228282828282829,"bolusiob":0}
