{"iob":3.2382483505422224,"activity":0.05571627384960718,"bolusiob":0.023887659057778874}
