{"iob":0.5257488840177778,"activity":0.02137362514029181,"bolusiob":0}
