{"iob":-0.4529395370982716,"activity":-0.002422648709315377,"bolusiob":0}
