{"iob":0.0016071868044444382,"activity":0.0007407968574635242,"bolusiob":0}
