{"iob":0.02052540501333364,"activity":0.010877441077441081,"bolusiob":0}
