{"iob":1.4217371175822224,"activity":0.02761088664421998,"bolusiob":0}
