{"iob":0.04515618341333338,"activity":0.0025779461279461287,"bolusiob":0}
