{"iob":0.301283333708642,"activity":0.003860583613916947,"bolusiob":0}
