{"iob":-0.3940367836322488,"activity":-0.0023923458024691364,"bolusiob":0}
