{"iob":0.39511384632464297,"activity":0.0003988385185185185,"bolusiob":0}
