{"iob":2.361727847877531,"activity":0.02063744107744108,"bolusiob":2.097742496505679}
