{"iob":5.920701256059259,"activity":0.007392592592592592,"bolusiob":5.73209291757037}
