{"iob":0.21915562777283953,"activity":0.003797373737373738,"bolusiob":0}
