{"iob":0.10487552533333337,"activity":0.0026835016835016837,"bolusiob":0}
