{"iob":0.3762801635555557,"activity":0.02367115600448934,"bolusiob":0}
