{"iob":-0.02401380943012344,"activity":0.002033838383838384,"bolusiob":0}
