{"iob":4.2696235936,"activity":0.011232996632996631,"bolusiob":3.6608869504000006}
