{"iob":5.1864554991036345,"activity":0.04796837227833893,"bolusiob":1.426861588942223}
