{"iob":0.1943196763832099,"activity":0.00038111111111111115,"bolusiob":0}
