{"iob":0.00978446051555555,"activity":0.004899438832772167,"bolusiob":0}
