{"iob":0.39349068194765435,"activity":0.005788395061728394,"bolusiob":0.030220199395555578}
