{"iob":0.6992108669155556,"activity":0.0001659259259259259,"bolusiob":0.6979497289955555}
