{"iob":-0.2841439740997531,"activity":-0.00147358024691358,"bolusiob":0}
