{"iob":-0.48200939362238276,"activity":-0.0009513191358024689,"bolusiob":0}
