{"iob":0.06778584533333358,"activity":0.01843097643097643,"bolusiob":0}
