{"iob":0.8713606533642413,"activity":0.0016123241975308641,"bolusiob":0}
