{"iob":4.169430919158518,"activity":0.02278644219977553,"bolusiob":2.4303604753066668}
