{"iob":1.3906058026666666,"activity":0.025296296296296292,"bolusiob":-0.0005573626666668829}
