{"iob":1.4469667316148147,"activity":0.0032481481481481476,"bolusiob":1.3095229797925927}
