{"iob":0.04780649681777779,"activity":0.0013012345679012346,"bolusiob":0}
