{"iob":1.0307035893628087,"activity":0.012568506644219976,"bolusiob":0}
