{"iob":0.09261250827061729,"activity":0.0003241975308641975,"bolusiob":0}
