{"iob":0.00015365071999999815,"activity":0.00033030303030303043,"bolusiob":0}
