{"iob":0.512071893937778,"activity":0.019070594837261503,"bolusiob":-0.00011287893333333798}
