{"iob":2.0855596733155557,"activity":0.03154725028058361,"bolusiob":0.1375689794844445}
