{"iob":0.5111246399683951,"activity":0.0024138271604938273,"bolusiob":0.1135154631111111}
