{"iob":0.13348266986666674,"activity":0.007846801346801349,"bolusiob":0}
