{"iob":0.061986190048395076,"activity":0.000768641975308642,"bolusiob":0}
