{"iob":-0.1507659821179259,"activity":0.012291739618406286,"bolusiob":0}
