{"iob":0.34730289585778285,"activity":0.0002833337037037037,"bolusiob":0}
