{"iob":0.6367160130134738,"activity":0.0024787044444444448,"bolusiob":0}
