{"iob":-0.1066386494198062,"activity":-0.003388383557800225,"bolusiob":0}
