{"iob":2.301969558640194,"activity":0.024855353030303028,"bolusiob":0.53325257376}
