{"iob":0.24429857290666682,"activity":0.016662962962962963,"bolusiob":0}
