{"iob":0.03524619054222222,"activity":0.0007280583613916947,"bolusiob":0}
