{"iob":0.24499916174814823,"activity":0.0038203815937149273,"bolusiob":0}
