{"iob":0.10481395475801261,"activity":0.002414001066217733,"bolusiob":0}
