{"iob":1.1909611425185185,"activity":0.0010518518518518518,"bolusiob":1.1708574767407407}
