{"iob":-0.4338772480628359,"activity":-0.0008771722222222221,"bolusiob":0}
