{"iob":0.057496405440000016,"activity":0.0013676767676767678,"bolusiob":0}
