{"iob":1.1361125479822223,"activity":0.026429405162738492,"bolusiob":0}
