{"iob":-0.36424741923778764,"activity":-0.0022137150505050504,"bolusiob":0}
