{"iob":0.7253084540523457,"activity":0.0029412345679012348,"bolusiob":0.520843615320494}
