{"iob":4.717851016533333,"activity":0.03417777777777778,"bolusiob":1.7822086528000005}
