{"iob":1.2625177528118945,"activity":0.014901572502805837,"bolusiob":0.013713218488888956}
