{"iob":0.17404931866775813,"activity":0.0028167836700336703,"bolusiob":0}
