{"iob":0.7292326058437149,"activity":0.00389890049382716,"bolusiob":0.06009968444444447}
