{"iob":0.12561111544888892,"activity":0.0029748597081930414,"bolusiob":0}
