{"iob":-0.5823801832277178,"activity":-0.002958203569023569,"bolusiob":0}
