{"iob":1.3880285688888891,"activity":0.026358024691358024,"bolusiob":0}
