{"iob":0.0056766982157363645,"activity":0.0027364872615039284,"bolusiob":0}
