{"iob":0.7737002946661066,"activity":0.007302826756453423,"bolusiob":0}
