{"iob":-0.04821771568197531,"activity":-0.00010876543209876543,"bolusiob":0}
