{"iob":0.012295903999999984,"activity":0.0031111111111111114,"bolusiob":0}
