{"iob":0.02354937931583595,"activity":0.003944668406285073,"bolusiob":0}
