{"iob":2.4696474435164686,"activity":0.00011150409652076285,"bolusiob":2.460041248}
