{"iob":-0.14913910260148147,"activity":-0.00009481481481481483,"bolusiob":0}
