{"iob":0.3476728710004938,"activity":0.0002491358024691358,"bolusiob":0}
