{"iob":1.5081832359506173,"activity":0.004523456790123457,"bolusiob":1.2628917349135804}
