{"iob":0.0829239456,"activity":0.004045454545454545,"bolusiob":0}
