{"iob":3.521132246913581,"activity":0.01679012345679012,"bolusiob":2.1982017777777787}
