{"iob":0.030127127395556296,"activity":0.01919371492704826,"bolusiob":0}
