{"iob":0.09967747214222222,"activity":0.00004740740740740741,"bolusiob":0}
