{"iob":-0.41909169506146665,"activity":0.0012788244668911345,"bolusiob":0}
