{"iob":0.06380469491358025,"activity":0.0007493827160493827,"bolusiob":0}
