{"iob":0.3688864,"activity":0.0013333333333333335,"bolusiob":0.2844352}
