{"iob":0.04354104711111112,"activity":0.0002185185185185185,"bolusiob":0}
