{"iob":0.5450242171733332,"activity":0.019737037037037036,"bolusiob":0}
