{"iob":0.4583187325234569,"activity":0.0017024691358024692,"bolusiob":0}
