{"iob":0.3589142151111111,"activity":0.008849046015712682,"bolusiob":0}
