{"iob":0.26784635561790127,"activity":0.0015251346801346802,"bolusiob":0}
