{"iob":0.3361243678524124,"activity":0.009959595398428731,"bolusiob":0}
