{"iob":0.4036799509504943,"activity":0.004250432592592593,"bolusiob":0}
