{"iob":-0.29315783218567903,"activity":-0.0004408641975308642,"bolusiob":0}
