{"iob":0.13971602631901237,"activity":0.001249753086419753,"bolusiob":0}
