{"iob":4.314847063845926,"activity":0.02445481481481481,"bolusiob":2.242182117013334}
