{"iob":2.742801826240001,"activity":0.04875959595959596,"bolusiob":0.003832256960000102}
