{"iob":0.24749009708584266,"activity":0.0017351854320987652,"bolusiob":0}
