{"iob":0.2743033257548955,"activity":0.0010371607407407407,"bolusiob":0}
