{"iob":0.2486416581688892,"activity":0.020994388327721665,"bolusiob":0}
