{"iob":1.6521688854400005,"activity":0.028852525252525255,"bolusiob":0.006889565759999861}
