{"iob":0.739418301542716,"activity":0.0024380246913580247,"bolusiob":0}
