{"iob":1.798527306772138,"activity":0.021312963703703704,"bolusiob":0.06160557155555548}
