{"iob":-0.41801155224000003,"activity":-0.001395,"bolusiob":0}
