{"iob":2.5304823957480718,"activity":0.017550932772166107,"bolusiob":0.6726625606400001}
