{"iob":0.6850678839245903,"activity":0.020440627946127946,"bolusiob":0}
