{"iob":0.4327124769871411,"activity":0.007377098260381594,"bolusiob":0}
