{"iob":0.0024801196088888814,"activity":0.0014718294051627389,"bolusiob":0}
