{"iob":0.10667672000000002,"activity":0.0031565656565656565,"bolusiob":0}
