{"iob":-0.09192157155160494,"activity":-0.0011648597081930416,"bolusiob":0}
