{"iob":0.5854958896039507,"activity":0.0009362962962962962,"bolusiob":0}
