{"iob":1.2722798013690682,"activity":0.015917511111111112,"bolusiob":0.27227896832000004}
