{"iob":2.7411660101639503,"activity":0.004247469135802469,"bolusiob":1.7925352571891355}
