{"iob":2.79550717408,"activity":0.05335757575757575,"bolusiob":0}
