{"iob":2.1818037711317757,"activity":0.02151052873176206,"bolusiob":0.31335414464000017}
