{"iob":-0.2511730748780247,"activity":-0.0028850729517396188,"bolusiob":0}
