{"iob":0.8196346685131826,"activity":0.0016617293827160494,"bolusiob":0}
