{"iob":2.9857164566755556,"activity":0.014405925925925923,"bolusiob":1.8424799938133336}
