{"iob":0.46823099638518517,"activity":0.011985589225589226,"bolusiob":0.08095061322666669}
