{"iob":0.09901286662320989,"activity":0.00010345679012345678,"bolusiob":0}
