{"iob":0.488543551058119,"activity":0.009962514410774415,"bolusiob":0}
