{"iob":-0.06160226400000002,"activity":-0.0025479797979797983,"bolusiob":0}
