{"iob":-0.06862722038913581,"activity":-0.0011867452300785633,"bolusiob":0}
