{"iob":-0.20896610599506174,"activity":-0.0026514927048260383,"bolusiob":0}
