{"iob":3.628778285068642,"activity":0.009410864197530861,"bolusiob":3.177857254052346}
