{"iob":0.8478576158570107,"activity":0.00550889,"bolusiob":0}
