{"iob":0.003835552640000006,"activity":0.017472053872053875,"bolusiob":0}
