{"iob":0.06946181482666657,"activity":0.015223569023569023,"bolusiob":0}
