{"iob":1.117244296,"activity":0.03832323232323232,"bolusiob":0}
