{"iob":-0.006476014222222226,"activity":-0.0015533108866442203,"bolusiob":0}
