{"iob":0.5960592222284177,"activity":0.008596077160493827,"bolusiob":0}
