{"iob":2.2968514573274073,"activity":0.0006192592592592592,"bolusiob":2.0931791306429632}
