{"iob":0.1355897663966667,"activity":0.00211956228956229,"bolusiob":0}
