{"iob":0.041342323444938274,"activity":0.0002550617283950617,"bolusiob":0}
