{"iob":0.7184833869511112,"activity":0.015041975308641976,"bolusiob":0}
