{"iob":5.715489308728889,"activity":0.02308444444444444,"bolusiob":4.115865842915556}
