{"iob":3.112499741645432,"activity":0.011853827160493826,"bolusiob":2.329030803026173}
