{"iob":0.3963539699200004,"activity":0.019668686868686874,"bolusiob":0}
