{"iob":0.5980262658401055,"activity":0.00517605037037037,"bolusiob":0}
