{"iob":-0.11771664552691363,"activity":-0.000994152637485971,"bolusiob":0}
