{"iob":0.27467469773432096,"activity":0.006116071829405162,"bolusiob":0}
