{"iob":0.5423095131522829,"activity":0.000617125802469136,"bolusiob":0}
