{"iob":4.970336752323951,"activity":0.012342962962962962,"bolusiob":4.365154275172346}
