{"iob":0.1447681686119449,"activity":0.002615366632996633,"bolusiob":0}
