{"iob":0.19951574815432033,"activity":0.00007477975308641976,"bolusiob":0}
