{"iob":0.21966689840679013,"activity":0.0037185970819304157,"bolusiob":0}
