{"iob":0.9282613304098768,"activity":0.0029456790123456784,"bolusiob":0}
