{"iob":0.04983876167901235,"activity":0.000025308641975308642,"bolusiob":0}
