{"iob":-0.147420836666868,"activity":-0.001518294175084175,"bolusiob":0}
