{"iob":5.0811096000000004,"activity":0.002833333333333333,"bolusiob":5.043328799999999}
