{"iob":0.7771768681600005,"activity":0.03526868686868687,"bolusiob":0}
