{"iob":0.6891004292661728,"activity":0.024572906846240177,"bolusiob":0}
