{"iob":0.9059312039506172,"activity":0.0036913580246913575,"bolusiob":0.6483358380246914}
