{"iob":-0.12112346711545681,"activity":-0.001963674523007856,"bolusiob":0}
