{"iob":0.28333489897217967,"activity":0.0013839058473625143,"bolusiob":0}
