{"iob":0.9051639495822226,"activity":0.02728159371492705,"bolusiob":0}
