{"iob":0.3690712012483951,"activity":0.0012360493827160493,"bolusiob":0}
