{"iob":0.4558153864533333,"activity":0.009404354657687993,"bolusiob":0}
