{"iob":0.43477460799209877,"activity":0.00027308641975308696,"bolusiob":0.5731307938449384}
