{"iob":0.94736314752,"activity":0.024193939393939396,"bolusiob":0}
