{"iob":1.3941377045333334,"activity":0.004744444444444444,"bolusiob":1.1081829781333334}
