{"iob":1.0615756546820203,"activity":0.005345016666666665,"bolusiob":0}
