{"iob":0.8589229242469137,"activity":0.009420987654320987,"bolusiob":0.15191402488888908}
