{"iob":3.4092994021451855,"activity":0.014190370370370367,"bolusiob":2.358014421914074}
