{"iob":0.007132378275555563,"activity":0.0005014590347923682,"bolusiob":0}
