{"iob":0.00001751921777772836,"activity":0.0024386083052749734,"bolusiob":0}
