{"iob":1.4857444503466668,"activity":0.02357104377104377,"bolusiob":0.05679390005333318}
