{"iob":-0.22482213284345687,"activity":-0.003004309764309764,"bolusiob":0}
