{"iob":-0.43596263635485294,"activity":-0.002213791851851852,"bolusiob":0}
