{"iob":0.1892196214171605,"activity":0.0031338720538720537,"bolusiob":0}
