{"iob":0.0019113919999995009,"activity":0.01533333333333333,"bolusiob":0}
