{"iob":-0.14241200336000004,"activity":-0.0031595959595959594,"bolusiob":0}
