{"iob":-0.2755766877791975,"activity":-0.00267152620650954,"bolusiob":0}
