{"iob":0.00003752355555555198,"activity":0.0003327721661054994,"bolusiob":0}
