{"iob":0.19875866068168557,"activity":0.00012723654320987652,"bolusiob":0}
