{"iob":0.40355281372444457,"activity":0.016461167227833896,"bolusiob":0}
