{"iob":2.9565361588562964,"activity":0.0021600448933782263,"bolusiob":2.93106235922963}
