{"iob":0.4213689161600002,"activity":0.022933333333333337,"bolusiob":0}
