{"iob":0.5887893770259647,"activity":0.0007627893827160495,"bolusiob":0}
