{"iob":2.0258498188018077,"activity":0.020419234478114483,"bolusiob":0.31370139434666683}
