{"iob":0.24458940000000004,"activity":0.016666666666666663,"bolusiob":0}
