{"iob":2.323622406755556,"activity":0.039454994388327724,"bolusiob":0.027186638577778185}
