{"iob":0.03719315093333334,"activity":0.0024814814814814816,"bolusiob":0}
