{"iob":0.14939795237790124,"activity":0.0020392929292929293,"bolusiob":0}
