{"iob":0.009931443555555575,"activity":0.0005347923681257016,"bolusiob":0}
