{"iob":-0.06024551536000002,"activity":-0.002534848484848485,"bolusiob":0}
