{"iob":1.6069495446400002,"activity":0.02641111111111111,"bolusiob":0.035540130560000424}
