{"iob":-0.04538080176321208,"activity":0.004216749169472503,"bolusiob":0}
