{"iob":0.8396608125511111,"activity":0.015741975308641975,"bolusiob":0.000498222222222322}
