{"iob":0.07814916267456792,"activity":0.00006307519640852969,"bolusiob":0}
