{"iob":1.5695521351111115,"activity":0.028958473625140292,"bolusiob":-0.0007474684444444879}
