{"iob":2.760717784939392,"activity":0.007875062480359147,"bolusiob":1.6996855108622224}
