{"iob":0.12483353088000042,"activity":0.016036363636363637,"bolusiob":0}
