{"iob":0.08788433535111112,"activity":0.00042203703703703706,"bolusiob":0}
