{"iob":3.193489461728395,"activity":0.035993827160493826,"bolusiob":0.5300515111111108}
