{"iob":2.626635076006564,"activity":0.0117114824691358,"bolusiob":1.2610631839762965}
