{"iob":0.5853914758755557,"activity":0.03659169472502806,"bolusiob":0}
