{"iob":0.3935308006400002,"activity":0.008561616161616162,"bolusiob":0}
