{"iob":-0.04163165276444447,"activity":-0.0021295173961840635,"bolusiob":0}
