{"iob":2.0621484194948287,"activity":0.03072104451178451,"bolusiob":0}
