{"iob":-0.19832713092740742,"activity":-0.00016901234567901237,"bolusiob":0}
