{"iob":1.496583561625721,"activity":0.013324019191919192,"bolusiob":0.06478767182222228}
