{"iob":0.7702636161580247,"activity":0.005916049382716049,"bolusiob":0.2664854503111112}
