{"iob":3.1485782143257786,"activity":0.03493356800224467,"bolusiob":2.415371739654321}
