{"iob":0.4331078409165432,"activity":-0.000619753086419753,"bolusiob":0.7723491443041977}
