{"iob":4.833260181222716,"activity":0.016130617283950616,"bolusiob":3.862106118668642}
