{"iob":0.9016395656652728,"activity":0.01559877636363637,"bolusiob":0}
