{"iob":-0.6034805298908619,"activity":-0.0033851941975308647,"bolusiob":0}
