{"iob":0.10570621600000024,"activity":0.0255959595959596,"bolusiob":0}
