{"iob":-0.43429090607407406,"activity":-0.0025823569023569024,"bolusiob":0}
