{"iob":1.626911249239375,"activity":0.01159912878787879,"bolusiob":0.7458874544575}
