{"iob":0.021807402239999885,"activity":0.010233333333333336,"bolusiob":0}
