{"iob":1.3633298204092932,"activity":0.019384826419753087,"bolusiob":0.43521029792000004}
