{"iob":0.11439044885333335,"activity":0.007202693602693602,"bolusiob":0}
