{"iob":0.03212136533333325,"activity":0.009521885521885523,"bolusiob":0}
