{"iob":0.2200173896185236,"activity":0.007742199102132435,"bolusiob":0}
