{"iob":-0.2440054694192593,"activity":-0.0025527665544332217,"bolusiob":0}
