{"iob":0.6719003974184338,"activity":0.007061779270482604,"bolusiob":0}
