{"iob":0.0726118749866668,"activity":0.012500336700336701,"bolusiob":0}
