{"iob":0.19756567906962963,"activity":0.0002317283950617284,"bolusiob":0}
