{"iob":0.40925428360691335,"activity":0.014073984287317622,"bolusiob":0.38524320546765434}
