{"iob":1.5452377631288892,"activity":0.014894814814814816,"bolusiob":0.3595987342933333}
