{"iob":1.5175179055723456,"activity":0.006303209876543209,"bolusiob":0.5711512379733334}
