{"iob":1.9743728721560487,"activity":0.030004958103254774,"bolusiob":0}
