{"iob":-0.023732250549761733,"activity":-0.0024649267676767677,"bolusiob":0}
