{"iob":-0.0000057014755555473424,"activity":-0.00031896745230078566,"bolusiob":0}
