{"iob":-0.013845861831111111,"activity":-0.0017268237934904603,"bolusiob":0}
