{"iob":0.036133022560000026,"activity":0.0022681818181818185,"bolusiob":0}
