{"iob":4.520216929185185,"activity":0.015921885521885518,"bolusiob":3.7113159300740737}
