{"iob":0.1552099510274687,"activity":0.004448479236812571,"bolusiob":0}
