{"iob":0.5379494512,"activity":0.010974747474747474,"bolusiob":0}
