{"iob":0.5468709988983813,"activity":0.005774568888888886,"bolusiob":0}
