{"iob":0.00006880491777777053,"activity":0.00033128507295173966,"bolusiob":0}
