{"iob":2.5637129036641975,"activity":0.022417283950617282,"bolusiob":0.715616980088889}
