{"iob":0.6149607722606277,"activity":0.005473087407407407,"bolusiob":0}
