{"iob":4.419184631308642,"activity":0.02065432098765432,"bolusiob":2.8144450141234567}
