{"iob":0.048192184604444445,"activity":0.00010962962962962965,"bolusiob":0}
