{"iob":0.8283425681265966,"activity":0.015963739618406282,"bolusiob":0}
