{"iob":0.34513565328041973,"activity":0.00039201123456790123,"bolusiob":0}
