{"iob":1.1368659812187658,"activity":0.0054078563411896746,"bolusiob":0.0017947141688888558}
