{"iob":0.25214831365898743,"activity":0.006703574354657688,"bolusiob":0}
