{"iob":0.18408599081283952,"activity":0.0006737037037037037,"bolusiob":0}
