{"iob":0.6296313823920987,"activity":0.002677283950617283,"bolusiob":0.43637551712395073}
