{"iob":-0.008914766560000004,"activity":-0.0003045454545454546,"bolusiob":0}
