{"iob":3.060444784071111,"activity":0.04302814814814814,"bolusiob":0.27442233717333303}
