{"iob":-0.035881771409382715,"activity":-0.00032938271604938274,"bolusiob":0}
