{"iob":0.3608622233600002,"activity":0.02430707070707071,"bolusiob":0}
