{"iob":3.4324585648355557,"activity":0.009075555555555554,"bolusiob":2.9903428033422226}
