{"iob":4.600956255826173,"activity":0.014324938271604937,"bolusiob":3.799332251749136}
