{"iob":0.7263752112000001,"activity":0.011984848484848484,"bolusiob":0.014956684799999898}
