{"iob":0.3427848390274263,"activity":0.0005419756790123457,"bolusiob":0}
