{"iob":-0.14266695407333335,"activity":-0.0026230583613916954,"bolusiob":0}
