{"iob":0.09293823045444448,"activity":0.0015780864197530867,"bolusiob":0}
