{"iob":1.202880394301894,"activity":0.003927655802469135,"bolusiob":0}
