{"iob":0.9374100283767857,"activity":0.003948149259259259,"bolusiob":0}
