{"iob":0.3915565221156898,"activity":0.0005505416049382716,"bolusiob":0}
