{"iob":0.34758819298765437,"activity":0.0002537037037037037,"bolusiob":0}
