{"iob":0.03647816473679012,"activity":-0.0004865544332211,"bolusiob":0}
