{"iob":2.545869977453827,"activity":0.015985432098765427,"bolusiob":1.440059151217778}
