{"iob":0.0393634655999997,"activity":0.01187878787878788,"bolusiob":0}
