{"iob":0.2481978599822221,"activity":0.018752637485970818,"bolusiob":0}
