{"iob":0.16507167301952352,"activity":0.008352412457912461,"bolusiob":0}
