{"iob":0.8218003406541613,"activity":0.003911993827160494,"bolusiob":0}
