{"iob":1.1315981845333334,"activity":0.009188888888888889,"bolusiob":0.3582827648000001}
