{"iob":0.34796892576000044,"activity":0.015260606060606063,"bolusiob":0}
