{"iob":3.479622000434568,"activity":0.002609876543209876,"bolusiob":3.4358885706271605}
