{"iob":0.22477048733629632,"activity":0.0015867003367003368,"bolusiob":0}
