{"iob":0.004369824959999758,"activity":0.00933030303030303,"bolusiob":0}
