{"iob":0.3115876988947158,"activity":0.005139253771043773,"bolusiob":0}
