{"iob":0.00232413162666657,"activity":0.011118518518518519,"bolusiob":0}
