{"iob":0.661524136,"activity":0.03408080808080808,"bolusiob":0}
