{"iob":0.06441166591999999,"activity":0.010319191919191919,"bolusiob":0}
