{"iob":0.9536241274469135,"activity":0.002204938271604938,"bolusiob":0}
