{"iob":0.5197530009600001,"activity":0.016754545454545456,"bolusiob":0}
