{"iob":0.21910177287111113,"activity":0.015733557800224465,"bolusiob":0}
