{"iob":0.3073515866666667,"activity":0.009452861952861952,"bolusiob":0}
