{"iob":0.09894427403061729,"activity":0.00010024691358024692,"bolusiob":0}
