{"iob":1.5641014959211115,"activity":0.026748120089786755,"bolusiob":0.014643147662221878}
