{"iob":-0.0004966673066666872,"activity":0.006948148148148151,"bolusiob":0}
