{"iob":0.4924791494994878,"activity":0.004618734029180696,"bolusiob":0}
