{"iob":0.3268170369208071,"activity":0.0010602472839506172,"bolusiob":0}
