{"iob":0.05486831626666669,"activity":0.0018193602693602695,"bolusiob":0}
