{"iob":-0.1717183703545679,"activity":-0.0021955443322109994,"bolusiob":0}
