{"iob":2.64184779264,"activity":0.00442,"bolusiob":2.4968601945600004}
