{"iob":-0.04918851487604939,"activity":-0.00006950617283950617,"bolusiob":0}
