{"iob":0.12573430627555557,"activity":0.002818630751964086,"bolusiob":0}
