{"iob":0.11571011762567907,"activity":0.0046946913580246915,"bolusiob":0}
