{"iob":0.20173124121679017,"activity":0.0025854769921436595,"bolusiob":0}
