{"iob":0.6712758136828862,"activity":0.007293091526374859,"bolusiob":0}
