{"iob":0.19951187874191145,"activity":0.00007527358024691357,"bolusiob":0}
