{"iob":0.2980711280711112,"activity":0.005382379349046016,"bolusiob":-0.000014275271111130471}
