{"iob":-0.04973558744493827,"activity":-0.00003506172839506173,"bolusiob":0}
