{"iob":2.1243823645605557,"activity":0.04228723344556678,"bolusiob":0.00438591541333333}
