{"iob":0.08626596398222253,"activity":0.021461728395061733,"bolusiob":0}
