{"iob":-0.020278379674530875,"activity":0.004457906677890012,"bolusiob":0}
