{"iob":0.2987469348177779,"activity":0.00571656004489338,"bolusiob":0}
