{"iob":0.0494657368888889,"activity":0.0008041526374859708,"bolusiob":0}
