{"iob":1.6932320921955564,"activity":0.037540179573512904,"bolusiob":0}
