{"iob":0.09734217045333343,"activity":0.021023905723905726,"bolusiob":0}
