{"iob":1.173224105777778,"activity":0.019786756453423118,"bolusiob":0.01516373422222217}
