{"iob":2.1558078302498767,"activity":0.0034602469135802468,"bolusiob":2.0463014792217287}
