{"iob":2.2241404640000004,"activity":0.04588888888888889,"bolusiob":0}
