{"iob":0.11695917653333332,"activity":0.024794612794612793,"bolusiob":0}
