{"iob":0.043444274852345685,"activity":0.00022024691358024694,"bolusiob":0}
