{"iob":0.010398481920000079,"activity":0.008703030303030304,"bolusiob":0}
