{"iob":0.9377313152000001,"activity":0.002955555555555555,"bolusiob":0.7706305408}
