{"iob":-0.0013207222222222205,"activity":-0.0008908529741863077,"bolusiob":0}
