{"iob":-0.0996095880096014,"activity":-0.000055106666666666665,"bolusiob":0}
