{"iob":0.09964323072,"activity":0.00005111111111111111,"bolusiob":0}
