{"iob":0.2354685685333333,"activity":0.008865319865319866,"bolusiob":0}
