{"iob":0.5423095131522829,"activity":0.0006171258024691358,"bolusiob":0}
