{"iob":1.211041357037037,"activity":0.008092592592592592,"bolusiob":0.5124034133333335}
