{"iob":0.09893796568493828,"activity":0.0011230190796857466,"bolusiob":0}
