{"iob":0.4340053707377779,"activity":0.0008488888888888887,"bolusiob":0}
