{"iob":0.012688092849650228,"activity":0.0032898825476992146,"bolusiob":0}
