{"iob":0.18543728298666684,"activity":0.01452053872053872,"bolusiob":0}
