{"iob":3.454211023960494,"activity":0.004286419753086419,"bolusiob":3.345422513619753}
