{"iob":0.08790085199012347,"activity":0.00042172839506172846,"bolusiob":0}
