{"iob":0.5266731143684146,"activity":0.008015145263748599,"bolusiob":0}
