{"iob":0.6107306293333336,"activity":0.02258249158249158,"bolusiob":0}
