{"iob":0.9252679982222226,"activity":0.02089169472502806,"bolusiob":0}
