{"iob":4.96613208429037,"activity":0.009343703703703701,"bolusiob":4.626824678494815}
