{"iob":3.925310370891852,"activity":0.039505925925925924,"bolusiob":0.8372784334933341}
