{"iob":1.5668116621654042,"activity":0.013726437957351288,"bolusiob":0.3606849262933335}
