{"iob":-0.46733212843456784,"activity":-0.001347283950617284,"bolusiob":0}
