{"iob":1.904179075662223,"activity":0.030114927048260385,"bolusiob":0.07586730087111129}
