{"iob":0.1565762367288888,"activity":0.022695398428731764,"bolusiob":0}
