{"iob":1.1755910123969329,"activity":0.012142936262626264,"bolusiob":0}
