{"iob":1.5958738230123457,"activity":0.029121638608305276,"bolusiob":0.09911411630222225}
