{"iob":0.1027827790933333,"activity":0.002841077441077442,"bolusiob":0}
