{"iob":0.834340831171275,"activity":0.0053988722222222205,"bolusiob":0}
