{"iob":2.414521481813333,"activity":0.039277037037037034,"bolusiob":0.50034610304}
