{"iob":1.3564944292977779,"activity":0.0028207407407407404,"bolusiob":1.2447841598577778}
