{"iob":-0.12716819411377592,"activity":0.0012614083501683506,"bolusiob":0}
