{"iob":3.273422839703704,"activity":0.003014814814814814,"bolusiob":3.213791732148148}
