{"iob":1.0866765150024693,"activity":0.006001795735129068,"bolusiob":0}
