{"iob":0.8183808839111114,"activity":0.02280695847362514,"bolusiob":0}
