{"iob":0.32691981609447224,"activity":0.0010576546913580248,"bolusiob":0}
