{"iob":0.8349767935209876,"activity":0.008426038159371492,"bolusiob":0}
