{"iob":0.031772927999999825,"activity":0.006626262626262626,"bolusiob":0}
