{"iob":-0.1487594581491358,"activity":-0.0001288888888888889,"bolusiob":0}
