{"iob":0.844706730666667,"activity":0.029144781144781143,"bolusiob":0}
