{"iob":0.5326541488692882,"activity":0.004136543950617285,"bolusiob":0}
