{"iob":0.3732509901511113,"activity":0.013241975308641978,"bolusiob":0}
