{"iob":0.23650282972444456,"activity":0.014440965207631875,"bolusiob":0}
