{"iob":-0.3959399436720987,"activity":-0.0030241975308641983,"bolusiob":0}
