{"iob":-0.25739058793257674,"activity":-0.004567996756453423,"bolusiob":0}
