{"iob":1.0931016426593132,"activity":0.010190057104377103,"bolusiob":0}
