{"iob":1.187269291626667,"activity":0.01822895622895623,"bolusiob":0.0323935010133332}
