{"iob":0.197418772386946,"activity":0.00020705493827160492,"bolusiob":0}
