{"iob":0.5425720551032099,"activity":0.0006112345679012345,"bolusiob":0}
