{"iob":2.4248409275733334,"activity":0.03884713804713804,"bolusiob":0.08094331562666603}
