{"iob":0.43836520877302726,"activity":0.0073598545791245815,"bolusiob":0}
