{"iob":1.8467339207182227,"activity":0.019673355780022453,"bolusiob":0.2963553144888891}
