{"iob":1.6223301671111106,"activity":0.00903888888888889,"bolusiob":0.2946491840000001}
