{"iob":0.8892992194580968,"activity":0.005755062962962963,"bolusiob":0}
