{"iob":-0.04913581381530864,"activity":-0.00007209876543209875,"bolusiob":0}
