{"iob":-0.04798528928222223,"activity":-0.0019385802469135806,"bolusiob":0}
