{"iob":0.19578166711209877,"activity":0.0016508585858585859,"bolusiob":0}
