{"iob":-0.3390122897777778,"activity":-0.0006092592592592593,"bolusiob":0}
