{"iob":1.3590157620811738,"activity":0.004989596049382717,"bolusiob":0}
