{"iob":0.32287035680000004,"activity":0.007060606060606061,"bolusiob":0}
