{"iob":5.49865202157037,"activity":0.020785185185185184,"bolusiob":4.133187072948148}
