{"iob":0.3607223161985185,"activity":0.0015018518518518519,"bolusiob":0}
