{"iob":-0.24625956361481482,"activity":-0.00029135802469135803,"bolusiob":0}
