{"iob":0.8092491282488891,"activity":0.026905499438832768,"bolusiob":0}
