{"iob":1.5422427525372842,"activity":0.01012864197530864,"bolusiob":0.6678547721244446}
