{"iob":0.6714695714291358,"activity":0.0016402469135802468,"bolusiob":0.5968141399387653}
