{"iob":0.00038073812709370496,"activity":0.0005154400673400675,"bolusiob":0}
