{"iob":0.23009866997333336,"activity":0.00012014590347923661,"bolusiob":0}
