{"iob":0.3131286470400003,"activity":0.014915151515151517,"bolusiob":0}
