{"iob":0.34565970346666675,"activity":0.028962962962962968,"bolusiob":0}
