{"iob":0.0009776605866665732,"activity":0.007997306397306394,"bolusiob":0}
