{"iob":0.0001379638399996108,"activity":0.019204040404040414,"bolusiob":0}
