{"iob":0.0000988912000000064,"activity":0.004914141414141414,"bolusiob":0}
