{"iob":-0.09968375705283952,"activity":-0.00004592592592592592,"bolusiob":0}
