{"iob":0.19953487572006845,"activity":0.00007231061728395062,"bolusiob":0}
