{"iob":2.0455369600000006,"activity":0.035277777777777776,"bolusiob":0.013942639999999507}
