{"iob":-0.24820978180353065,"activity":0.004125908641975311,"bolusiob":0}
