{"iob":0.02860280199111118,"activity":0.007629854096520764,"bolusiob":0}
