{"iob":1.9283784028088888,"activity":0.028104287317620647,"bolusiob":0.39537664768000014}
