{"iob":-0.04917611333530864,"activity":-0.00007012345679012346,"bolusiob":0}
