{"iob":1.4804269211412313,"activity":0.0114093942312009,"bolusiob":0}
