{"iob":2.71581904384,"activity":0.005537777777777776,"bolusiob":2.50019764736}
