{"iob":0.0685742743066667,"activity":0.001444612794612795,"bolusiob":0}
