{"iob":-0.0969088592671605,"activity":-0.00020012345679012346,"bolusiob":0}
