{"iob":1.0976014159012346,"activity":0.00801975308641975,"bolusiob":0.409456929777778}
