{"iob":-0.0697431899161185,"activity":-0.005466557283950619,"bolusiob":0}
