{"iob":-0.13379535641111115,"activity":-0.0028580527497194166,"bolusiob":0}
