{"iob":0.33985185428543213,"activity":0.0018286419753086422,"bolusiob":0}
