{"iob":0.19755152155851852,"activity":0.0002324691358024691,"bolusiob":0}
