{"iob":0.03508774986666674,"activity":0.006336700336700336,"bolusiob":0}
