{"iob":0.12807321468812932,"activity":0.004250055780022447,"bolusiob":0}
