{"iob":0.1433425478059258,"activity":0.00036395074074074076,"bolusiob":0}
