{"iob":0.5431675214380247,"activity":0.0019639506172839504,"bolusiob":0.4187579456}
