{"iob":0.2875384414150748,"activity":0.00828350101010101,"bolusiob":0}
