{"iob":0.09798059962666668,"activity":0.0025991582491582494,"bolusiob":0}
