{"iob":0.21001443118222224,"activity":0.0012852300785634121,"bolusiob":0}
