{"iob":1.39512138752,"activity":0.0007466666666666665,"bolusiob":1.38546372608}
