{"iob":2.7625756701234567,"activity":0.019790123456790123,"bolusiob":1.0607044311111113}
