{"iob":0.41673817726419754,"activity":0.002498765432098765,"bolusiob":0.20258980782222227}
