{"iob":0.4891828990922715,"activity":0.009588323636363636,"bolusiob":0}
