{"iob":0.39179924568395064,"activity":0.0006169135802469135,"bolusiob":0}
