{"iob":0.5852774951111113,"activity":0.010162177328843997,"bolusiob":0.0031129048888889122}
