{"iob":3.0061267548444452,"activity":0.032244444444444444,"bolusiob":0.5592256816000005}
