{"iob":0.012720917440000014,"activity":0.0009636363636363638,"bolusiob":0}
