{"iob":0.13374685315555557,"activity":0.003351290684624018,"bolusiob":0}
