{"iob":7.866133333256344e-7,"activity":0.00048350168350168375,"bolusiob":0}
