{"iob":5.190983154062222,"activity":0.032417777777777775,"bolusiob":2.39937216736}
