{"iob":0.6830401593419163,"activity":0.001093827901234568,"bolusiob":0}
