{"iob":0.34779472436938275,"activity":0.0002402469135802469,"bolusiob":0}
