{"iob":-0.14884658540743928,"activity":-0.00011183432098765432,"bolusiob":0}
