{"iob":-0.0006958050488888924,"activity":-0.0006943883277216613,"bolusiob":0}
