{"iob":0.002132006506666284,"activity":0.011096296296296295,"bolusiob":0}
