{"iob":0.15218934577777796,"activity":0.007628507295173963,"bolusiob":0}
