{"iob":0.09457364045728396,"activity":0.000273641975308642,"bolusiob":0}
