{"iob":0.8702621627259259,"activity":0.012137037037037036,"bolusiob":0.08011876053333333}
