{"iob":0.7679493048093792,"activity":0.0073150547025813695,"bolusiob":0}
