{"iob":1.0396808180148147,"activity":0.010318518518518517,"bolusiob":0.22821823946666678}
