{"iob":3.995057338866173,"activity":0.010344567901234567,"bolusiob":3.441713219002469}
