{"iob":0.5220892698666668,"activity":0.010882154882154882,"bolusiob":0}
