{"iob":0.06091278741333332,"activity":0.006453198653198653,"bolusiob":0}
