{"iob":-0.04973703612049383,"activity":-0.00003493827160493827,"bolusiob":0}
