{"iob":0.12221188562183458,"activity":0.007806508978675643,"bolusiob":0}
