{"iob":0.3508576372622223,"activity":0.006205162738496073,"bolusiob":0.0007295499377777404}
