{"iob":0.1898313173432099,"activity":0.0005277777777777777,"bolusiob":0}
