{"iob":0.468874082323132,"activity":0.010285375308641978,"bolusiob":0}
