{"iob":-0.2365910029487604,"activity":-0.0023276993378226717,"bolusiob":0}
