{"iob":0.6404667572246915,"activity":0.0071229180695847345,"bolusiob":0}
