{"iob":0.1992920889955557,"activity":0.017657014590347922,"bolusiob":0}
