{"iob":1.8328237042488893,"activity":0.03307283950617284,"bolusiob":-0.000006198115555666738}
