{"iob":0.01790599548444445,"activity":0.0010318742985409653,"bolusiob":0}
