{"iob":0.1051611164128395,"activity":0.0030780920314253655,"bolusiob":0}
