{"iob":-0.42670995499154707,"activity":-0.0031381487654320982,"bolusiob":0}
