{"iob":0.087450497829444,"activity":0.004735258136924806,"bolusiob":0}
