{"iob":1.6840884607338726,"activity":0.014184689551066216,"bolusiob":0}
