{"iob":0.6829751261800233,"activity":0.0076716048035914705,"bolusiob":0}
