{"iob":0.16848638903506175,"activity":0.0009699999999999999,"bolusiob":0}
