{"iob":3.1123523406317664,"activity":0.04199365426487093,"bolusiob":0.24893159377777777}
