{"iob":-0.27761736950963983,"activity":0.003768484287317622,"bolusiob":0}
