{"iob":0.19849640647111114,"activity":0.0001525925925925926,"bolusiob":0}
