{"iob":0.23738892076234572,"activity":0.003822626262626262,"bolusiob":0}
