{"iob":-0.1968532937797531,"activity":-0.000248641975308642,"bolusiob":0}
