{"iob":2.3070773783071608,"activity":0.010566913580246912,"bolusiob":1.4987612394508645}
