{"iob":0.3859597578532255,"activity":0.022701010056116726,"bolusiob":0}
