{"iob":0.3024200610774411,"activity":0.0015649386419753087,"bolusiob":0}
