{"iob":0.5226175489422227,"activity":0.01770920314253648,"bolusiob":0}
