{"iob":0.07859201406419752,"activity":0.0005698765432098766,"bolusiob":0}
