{"iob":0.2730907854955439,"activity":0.00811796240179574,"bolusiob":0}
