{"iob":-0.14884309355456793,"activity":-0.00011617283950617286,"bolusiob":0}
