{"iob":0.9816299891358025,"activity":0.001493827160493827,"bolusiob":0.9364796009876544}
