{"iob":0.48573321926222235,"activity":0.006717575757575758,"bolusiob":0}
