{"iob":-0.1561540945106173,"activity":-0.0014835129068462402,"bolusiob":0}
