{"iob":0.5923628764049383,"activity":0.014469259259259258,"bolusiob":0}
