{"iob":2.2749374762271604,"activity":0.016744938271604944,"bolusiob":0.5703124349866668}
