{"iob":0.6761068582488889,"activity":0.0012924074074074073,"bolusiob":0}
