{"iob":0.5912175361422223,"activity":0.0007044444444444444,"bolusiob":0}
