{"iob":0.23309560196158013,"activity":0.0024190293041526376,"bolusiob":0}
