{"iob":0.099860275974321,"activity":0.000027901234567901235,"bolusiob":0}
