{"iob":0.7033786888000001,"activity":0.0065991919191919195,"bolusiob":0}
