{"iob":0.25137387610074075,"activity":0.003337598204264871,"bolusiob":0}
