{"iob":0.07074805070502546,"activity":0.022057686868686872,"bolusiob":0}
