{"iob":1.0872456781511113,"activity":0.01768641975308642,"bolusiob":0.028702421048888805}
