{"iob":0.062365553848889074,"activity":0.009528395061728395,"bolusiob":0}
