{"iob":-0.1650794039768911,"activity":0.019973219865319868,"bolusiob":0}
