{"iob":-0.04991910464,"activity":-0.000015555555555555555,"bolusiob":0}
