{"iob":0.9986435224175324,"activity":0.0024029640740740738,"bolusiob":0}
