{"iob":0.0435466826666668,"activity":0.013074074074074073,"bolusiob":0}
