{"iob":0.35587584483555557,"activity":0.0015303703703703703,"bolusiob":0}
