{"iob":-0.24415630940641977,"activity":-0.0029542536475869814,"bolusiob":0}
