{"iob":3.880629500414815,"activity":0.013414197530864196,"bolusiob":3.051454657422222}
