{"iob":0.06398805600000002,"activity":0.002570707070707071,"bolusiob":0}
