{"iob":0.047014576,"activity":0.00014444444444444444,"bolusiob":0}
