{"iob":0.5587965834059652,"activity":0.007192587351290687,"bolusiob":0}
