{"iob":1.0343846263466667,"activity":0.021164971941638615,"bolusiob":0}
