{"iob":-0.39702602762220046,"activity":-0.004335920437710437,"bolusiob":0}
