{"iob":0.4431943417362963,"activity":0.0005411111111111111,"bolusiob":0}
