{"iob":1.9965907475555555,"activity":0.04856846240179573,"bolusiob":0}
