{"iob":0.0004622916977777558,"activity":0.0011694163860830528,"bolusiob":0}
