{"iob":2.4338789726498766,"activity":0.026932345679012343,"bolusiob":0.42179342353777793}
