{"iob":3.608922280669116,"activity":0.009534884074074074,"bolusiob":2.035026659887407}
