{"iob":-0.41249641133827164,"activity":-0.0024645679012345687,"bolusiob":0}
