{"iob":0.061821134080000034,"activity":0.002355555555555556,"bolusiob":0}
