{"iob":0.24657918033755125,"activity":0.0002753312345679012,"bolusiob":0}
