{"iob":0.3020334804658211,"activity":0.0010914479349046016,"bolusiob":0}
