{"iob":2.5323271771808895,"activity":0.007875494320987655,"bolusiob":1.4862134475061728}
