{"iob":0.342786496542733,"activity":0.0005417287654320987,"bolusiob":0}
