{"iob":-0.4859268159101235,"activity":-0.0004885802469135785,"bolusiob":0}
