{"iob":-0.0735503884523457,"activity":-0.0011329517396184063,"bolusiob":0}
