{"iob":-0.1718455633580247,"activity":-0.0021971941638608307,"bolusiob":0}
