{"iob":2.8007646847874055,"activity":0.0420443806285073,"bolusiob":0.08615299864888917}
