{"iob":0.195497991948642,"activity":0.0003269135802469136,"bolusiob":0}
