{"iob":0.9882331134929945,"activity":0.022729259865319876,"bolusiob":0}
