{"iob":0.08626060792672366,"activity":0.014320762626262619,"bolusiob":0}
