{"iob":-0.15677877137111113,"activity":-0.0029913860830527504,"bolusiob":0}
