{"iob":0.602299813325432,"activity":0.00318716049382716,"bolusiob":0.33787328935111116}
