{"iob":1.708410584177778,"activity":0.009318518518518518,"bolusiob":0.9270945322666668}
