{"iob":0.2565988317866664,"activity":0.031818518518518524,"bolusiob":0}
