{"iob":0.7285516675555558,"activity":0.017267115600448933,"bolusiob":0}
