{"iob":0.6832682819743549,"activity":0.0010834575308641973,"bolusiob":0}
