{"iob":0.03880804277333333,"activity":0.001232996632996633,"bolusiob":0}
