{"iob":0.19948835497264328,"activity":0.00007823654320987654,"bolusiob":0}
