{"iob":-0.2440031441303704,"activity":-0.002553322109988777,"bolusiob":0}
