{"iob":0.5023129671484878,"activity":0.0001900400673400669,"bolusiob":0}
