{"iob":0.4190724655012346,"activity":0.002441975308641975,"bolusiob":0}
