{"iob":1.7626094387832099,"activity":0.026713490460157127,"bolusiob":0.3091287591822222}
