{"iob":1.0737023049481482,"activity":0.009914814814814814,"bolusiob":0.2713504405333334}
