{"iob":-0.14886681097414348,"activity":-0.00010948864197530864,"bolusiob":0}
