{"iob":0.06607826816,"activity":0.0019252525252525252,"bolusiob":0}
