{"iob":0.03131264597333335,"activity":0.001620875420875421,"bolusiob":0}
