{"iob":0.31705832326923444,"activity":0.0007643772278338942,"bolusiob":0}
