{"iob":0.801477669882469,"activity":0.01858193041526375,"bolusiob":0.05386272675555559}
