{"iob":-0.18916594251061733,"activity":-0.0022298877665544344,"bolusiob":0}
