{"iob":-0.15768340460567287,"activity":-0.0037569020763187433,"bolusiob":0}
