{"iob":3.707272096853333,"activity":0.03301777777777777,"bolusiob":1.00139768608}
