{"iob":0.8318010561869855,"activity":0.006569877777777777,"bolusiob":0}
