{"iob":0.031184581191111123,"activity":0.0007035914702581371,"bolusiob":0}
