{"iob":0.8644339724444448,"activity":0.01810325476992144,"bolusiob":0}
