{"iob":0.9296647996049382,"activity":0.010093827160493826,"bolusiob":0.1682791164444445}
