{"iob":-0.14889075351703704,"activity":-0.00011592592592592592,"bolusiob":0}
