{"iob":1.506898204760494,"activity":0.01227654320987654,"bolusiob":0.4745538126222223}
