{"iob":2.7292360165719916,"activity":0.009504445432098765,"bolusiob":1.5407200567940744}
