{"iob":1.3280675303466667,"activity":0.011951762065095396,"bolusiob":0.37437781184000024}
