{"iob":5.680084148148149,"activity":0.016296296296296295,"bolusiob":4.828987259259259}
