{"iob":-0.1632532405811159,"activity":-0.0014687094388327723,"bolusiob":0}
