{"iob":-0.6198854153802201,"activity":-0.0038172064534231203,"bolusiob":0}
