{"iob":0.9321586581786762,"activity":0.024201807328843992,"bolusiob":0}
