{"iob":0.7045079193600001,"activity":0.009626666666666664,"bolusiob":0.06922527744000011}
