{"iob":2.492441505609383,"activity":0.021746728395061737,"bolusiob":0.668396150328889}
