{"iob":0.5817458033096055,"activity":0.0011393214814814814,"bolusiob":0}
