{"iob":0.16148042496000029,"activity":0.013118181818181822,"bolusiob":0}
