{"iob":1.577107660053334,"activity":0.034778451178451186,"bolusiob":0}
