{"iob":2.611664254324938,"activity":0.028701975308641978,"bolusiob":0.6281167094479011}
