{"iob":0.04924540762864197,"activity":0.0005625028058361391,"bolusiob":0}
