{"iob":0.5093379108503704,"activity":0.0027496296296296296,"bolusiob":0}
