{"iob":1.4597305702689798,"activity":0.007246953647586981,"bolusiob":0}
