{"iob":-0.09740652920000001,"activity":-0.0003351234567901235,"bolusiob":0}
