{"iob":-0.4125175140499749,"activity":-0.0013296386419753084,"bolusiob":0}
