{"iob":0.10406513450666663,"activity":0.006661952861952863,"bolusiob":0}
