{"iob":0.021273540942222224,"activity":0.0006361391694725028,"bolusiob":0}
