{"iob":-0.4568199213787655,"activity":-0.003172210998877666,"bolusiob":0}
