{"iob":0.44001672000000014,"activity":0.010378787878787878,"bolusiob":0}
