{"iob":2.1802056600177777,"activity":0.006167407407407406,"bolusiob":1.8619419787377778}
