{"iob":2.3348893286354553,"activity":0.032027115869809206,"bolusiob":1.4683396045432096}
