{"iob":0.7358836005360802,"activity":0.009837991391694728,"bolusiob":0}
