{"iob":-0.3900061413517027,"activity":-0.0006275255555555555,"bolusiob":0}
