{"iob":0.6895826202231727,"activity":0.005311391818181819,"bolusiob":0}
