{"iob":0.001376369777777775,"activity":0.0003978675645342312,"bolusiob":0}
