{"iob":0.5727339837884838,"activity":-0.0017987186980920318,"bolusiob":0}
