{"iob":0.05125943694222246,"activity":0.011850617283950619,"bolusiob":0}
