{"iob":-0.47756364055550976,"activity":-0.001106959012345679,"bolusiob":0}
