{"iob":-0.463658353074568,"activity":-0.0014550617283950616,"bolusiob":0}
