{"iob":2.208273244698745,"activity":0.00799772086419753,"bolusiob":1.5873321086419752}
