{"iob":0.9435383134048368,"activity":0.03148246950617283,"bolusiob":0}
