{"iob":1.9977757708641977,"activity":0.00046913580246913566,"bolusiob":1.9942309056790122}
