{"iob":0.08414056064000008,"activity":0.008391919191919193,"bolusiob":0}
