{"iob":-0.000007040604444452647,"activity":0.0006351290684624019,"bolusiob":0}
