{"iob":0.7790117937604265,"activity":0.004261895555555555,"bolusiob":0}
