{"iob":0.2960536245074513,"activity":0.00030896506172839504,"bolusiob":0}
