{"iob":0.7449046399883116,"activity":0.003521112098765432,"bolusiob":0}
