{"iob":3.160063977481481,"activity":0.007903703703703703,"bolusiob":2.792951483259259}
