{"iob":0.08580938666666672,"activity":0.0029882154882154895,"bolusiob":0}
