{"iob":0.4938614975279012,"activity":0.0005203086419753086,"bolusiob":0}
