{"iob":0.6351210116266668,"activity":0.025399326599326602,"bolusiob":0}
