{"iob":3.8818708979358028,"activity":0.007832098765432097,"bolusiob":3.579701760632099}
