{"iob":0.04364160325333335,"activity":0.001720707070707071,"bolusiob":0}
