{"iob":-0.3953968421305797,"activity":-0.0027501123569023574,"bolusiob":0}
