{"iob":4.663042379519999,"activity":0.017906666666666664,"bolusiob":3.47155684608}
