{"iob":4.8217779736177775,"activity":0.005636453423120089,"bolusiob":4.71898374144}
