{"iob":-0.37993660662518525,"activity":-0.002097777777777778,"bolusiob":0}
