{"iob":1.9653828486795066,"activity":0.025789135802469138,"bolusiob":0.48323890247111134}
