{"iob":3.735609054714074,"activity":0.016556419753086415,"bolusiob":2.5457325568}
