{"iob":3.5332128327585193,"activity":0.04381259259259259,"bolusiob":0.46047231829333346}
