{"iob":0.28647617424333105,"activity":0.007908119809203144,"bolusiob":0}
