{"iob":0.05585204465777786,"activity":0.008269584736251405,"bolusiob":0}
