{"iob":0.0007908728177778769,"activity":0.007316049382716048,"bolusiob":0}
