{"iob":-0.3879448031051853,"activity":-0.002831851851851852,"bolusiob":0}
