{"iob":-0.04693904000790124,"activity":-0.00014641975308641976,"bolusiob":0}
