{"iob":-0.19561242634271606,"activity":-0.0002793827160493827,"bolusiob":0}
