{"iob":1.1437894170311111,"activity":0.015447542087542086,"bolusiob":0.1684529785600002}
