{"iob":2.4911512888888896,"activity":0.03973344556677891,"bolusiob":0.08852884444444407}
