{"iob":2.333409450227358,"activity":0.014503950617283946,"bolusiob":0.7906743853866668}
