{"iob":-0.42893509409185193,"activity":-0.00099,"bolusiob":0}
