{"iob":1.6549641093333332,"activity":0.026648148148148143,"bolusiob":0.0512736106666668}
