{"iob":-0.29892051759604943,"activity":-0.0036282042648709324,"bolusiob":0}
