{"iob":-0.33269596347068797,"activity":-0.0007809966666666667,"bolusiob":0}
