{"iob":0.0043990698666666606,"activity":0.0053215488215488235,"bolusiob":0}
