{"iob":0.010245066168888673,"activity":0.006987991021324354,"bolusiob":0}
