{"iob":0.8438089664395062,"activity":0.0023474074074074074,"bolusiob":0}
