{"iob":1.246830210644508,"activity":0.011636886879910211,"bolusiob":0}
