{"iob":-0.3229152624473068,"activity":0.0000545957800224466,"bolusiob":0}
