{"iob":0.19756856178765433,"activity":0.0002314814814814815,"bolusiob":0}
