{"iob":-0.29957847856790126,"activity":-0.0016926038159371492,"bolusiob":0}
