{"iob":4.727112556942223,"activity":0.010598518518518518,"bolusiob":4.2791126704355555}
