{"iob":1.6177304307316969,"activity":0.024015335937149274,"bolusiob":0.07758792234666681}
