{"iob":-0.17015377768426926,"activity":-0.0026748580134680136,"bolusiob":0}
