{"iob":0.09988891292444445,"activity":0.000022592592592592594,"bolusiob":0}
