{"iob":4.3358085727288875,"activity":0.04369555555555555,"bolusiob":0.9222905753599999}
