{"iob":1.1818090922666669,"activity":0.022548821548821547,"bolusiob":0}
