{"iob":0.016806416391111124,"activity":0.000600561167227834,"bolusiob":0}
