{"iob":2.8737134493234566,"activity":0.01816543209876543,"bolusiob":1.3079549790222225}
