{"iob":2.0864438406953085,"activity":0.01903975308641975,"bolusiob":0.5390744926577778}
