{"iob":0.0026657093333333384,"activity":0.0011094276094276096,"bolusiob":0}
