{"iob":0.0011694602133333343,"activity":0.0005526936026936029,"bolusiob":0}
