{"iob":2.18439341824,"activity":0.0018577777777777776,"bolusiob":2.14995984896}
