{"iob":1.3945049045333335,"activity":0.03903703703703704,"bolusiob":0}
