{"iob":2.000635047751112,"activity":0.03774904601571268,"bolusiob":-0.00033977969777794216}
