{"iob":0.703726013100247,"activity":0.0050185185185185185,"bolusiob":0}
