{"iob":-0.29196570390123466,"activity":-0.0005037037037037037,"bolusiob":0}
