{"iob":-0.366983646602963,"activity":-0.0020730246913580248,"bolusiob":0}
