{"iob":2.26077286912,"activity":0.024479999999999995,"bolusiob":0.41173533248000027}
