{"iob":-0.35198593853827165,"activity":-0.00304,"bolusiob":0}
