{"iob":1.429362912995556,"activity":0.028208888888888894,"bolusiob":0.07144914695111114}
