{"iob":0.27958132326922897,"activity":0.004667038832772166,"bolusiob":0}
