{"iob":-0.2887005887346557,"activity":-0.0005959967901234568,"bolusiob":0}
