{"iob":-0.038732369809382716,"activity":-0.0002928395061728395,"bolusiob":0}
