{"iob":0.21372301056000007,"activity":0.005397979797979798,"bolusiob":0}
