{"iob":-0.6049732483845347,"activity":-0.0018085808641975308,"bolusiob":0}
