{"iob":0.7436005628997533,"activity":0.005681526374859707,"bolusiob":0}
