{"iob":0.09861211760197532,"activity":0.00012567901234567902,"bolusiob":0}
