{"iob":0.7236178208701235,"activity":0.002415925925925926,"bolusiob":0}
