{"iob":0.011832718959038278,"activity":0.004632878619528621,"bolusiob":0}
