{"iob":-0.33605975272493827,"activity":-0.0006825925925925927,"bolusiob":0}
