{"iob":2.512190803626667,"activity":0.008473333333333333,"bolusiob":2.005256622506667}
