{"iob":0.26882257948444455,"activity":0.003648709315375982,"bolusiob":0.005486681884444522}
