{"iob":-0.29162513383901234,"activity":-0.002680808080808082,"bolusiob":0}
