{"iob":2.2364533654637033,"activity":0.0007726936026936013,"bolusiob":2.233786517428148}
