{"iob":-0.1246072869809065,"activity":0.005355275061728397,"bolusiob":0}
