{"iob":-0.08219988896,"activity":-0.0016302693602693605,"bolusiob":0}
