{"iob":0.19847036217283953,"activity":0.0034205387205387206,"bolusiob":0}
