{"iob":0.03247349511111112,"activity":0.0003685185185185185,"bolusiob":0}
