{"iob":0.7128463872079012,"activity":0.003036543209876543,"bolusiob":0}
