{"iob":0.5446000605057284,"activity":0.01485171672278339,"bolusiob":0.02420905728}
