{"iob":0.01699261688888889,"activity":0.0006021324354657689,"bolusiob":0}
