{"iob":0.7466642387555558,"activity":0.022280583613916948,"bolusiob":0}
