{"iob":0.02649515733333311,"activity":0.013890572390572392,"bolusiob":0}
