{"iob":0.33599087053432103,"activity":0.0019575308641975307,"bolusiob":0.16906250396444455}
