{"iob":-0.3302601930765432,"activity":-0.003440033670033671,"bolusiob":0}
