{"iob":0.889549384533333,"activity":0.034996632996633,"bolusiob":0}
