{"iob":0.09996122232098766,"activity":0.000009876543209876543,"bolusiob":0}
