{"iob":-0.24180937863901233,"activity":-0.00045345679012345676,"bolusiob":0}
