{"iob":0.016357498912129287,"activity":0.0028359143658810326,"bolusiob":0}
