{"iob":1.1403750552739191,"activity":0.015250730751964085,"bolusiob":0.002177278044444453}
