{"iob":-0.07644331294606146,"activity":-0.005953319921436589,"bolusiob":0}
