{"iob":0.6456066210765433,"activity":0.0074123456790123445,"bolusiob":0.10250174257777778}
