{"iob":0.5740372293333337,"activity":0.019981481481481482,"bolusiob":0}
