{"iob":1.1662306265689788,"activity":0.02375630632996633,"bolusiob":0}
