{"iob":2.045391515449074,"activity":0.026727109988776657,"bolusiob":0.22164237767111106}
