{"iob":0.9647088001580246,"activity":0.001917283950617284,"bolusiob":0}
