{"iob":0.1664921310719426,"activity":0.0026107015824915823,"bolusiob":0}
