{"iob":2.232176109834364,"activity":0.03898015749719416,"bolusiob":0}
