{"iob":0.17730968966967478,"activity":0.010942255443322111,"bolusiob":0}
