{"iob":0.048902786737777766,"activity":0.0034968574635241305,"bolusiob":0}
