{"iob":0.8835206060800004,"activity":0.019313535353535357,"bolusiob":0.29165791392}
