{"iob":0.2482323547130864,"activity":0.00018561728395061726,"bolusiob":0}
