{"iob":0.3243447760000003,"activity":0.029838383838383834,"bolusiob":0}
