{"iob":2.639341841287901,"activity":0.010447160493827157,"bolusiob":1.9270206735960498}
