{"iob":0.6669681107013558,"activity":0.02128715460157127,"bolusiob":0}
