{"iob":-0.35828639755456804,"activity":0.007681144781144779,"bolusiob":0}
