{"iob":0.080160329734321,"activity":0.0005479012345679013,"bolusiob":0}
