{"iob":0.3112391916800004,"activity":0.015759595959595963,"bolusiob":0}
