{"iob":-0.324337035948642,"activity":-0.0015313916947250282,"bolusiob":0}
