{"iob":0.18086108845654325,"activity":0.0017706790123456788,"bolusiob":0}
