{"iob":1.3279127037116054,"activity":0.024934769921436586,"bolusiob":0}
