{"iob":-0.3880586887585185,"activity":-0.002830000000000001,"bolusiob":0}
