{"iob":0.09771738850765432,"activity":0.00016123456790123456,"bolusiob":0}
