{"iob":2.5826711356009877,"activity":0.032269180695847374,"bolusiob":0.0420019724800005}
