{"iob":-0.0008960025599999921,"activity":-0.0007124579124579125,"bolusiob":0}
