{"iob":1.0971424896158024,"activity":0.00253641975308642,"bolusiob":0}
