{"iob":0.4440329990399999,"activity":0.015044040404040407,"bolusiob":0.39762232832000005}
