{"iob":0.47371779371836364,"activity":0.009501795061728397,"bolusiob":0}
