{"iob":1.8494755141333337,"activity":0.02871885521885522,"bolusiob":0.09226562986666675}
