{"iob":-0.03463989543308642,"activity":-0.0014612682379349048,"bolusiob":0}
