{"iob":-0.04925637604309508,"activity":-0.002835297138047138,"bolusiob":0}
