{"iob":1.0973379123286395,"activity":0.006062223703703704,"bolusiob":0}
