{"iob":0.07280958272000002,"activity":0.0011988215488215488,"bolusiob":0}
