{"iob":0.11553656249086422,"activity":0.002734691358024692,"bolusiob":0}
