{"iob":-0.04076102696222223,"activity":-0.0018419135802469138,"bolusiob":0}
