{"iob":1.8948660783881481,"activity":0.026897037037037032,"bolusiob":0.16459900629333316}
