{"iob":0.004751870222222232,"activity":0.00046745230078563423,"bolusiob":0}
