{"iob":0.1994634339871605,"activity":0.00008320987654320988,"bolusiob":0}
