{"iob":0.0014538968888888838,"activity":0.00040011223344556685,"bolusiob":0}
