{"iob":-0.0037233879466666286,"activity":0.0028031762065095405,"bolusiob":0}
