{"iob":0.4217871075377778,"activity":0.000965791245791246,"bolusiob":0.3551541137066667}
