{"iob":0.07234622874257016,"activity":-0.0052185756453423104,"bolusiob":0}
