{"iob":0.7920555892316834,"activity":0.0062970381481481505,"bolusiob":0}
