{"iob":0.09016497091950618,"activity":0.0003780246913580247,"bolusiob":0}
