{"iob":3.2359285404444442,"activity":0.01787407407407407,"bolusiob":1.731487530666667}
