{"iob":0.4409707298589388,"activity":0.0038059881481481484,"bolusiob":0}
