{"iob":0.3483149338666668,"activity":0.018725589225589225,"bolusiob":0}
