{"iob":2.0268754500898774,"activity":0.02696493827160493,"bolusiob":0.21620102663111138}
