{"iob":4.3694216731377775,"activity":0.007561616161616162,"bolusiob":4.043792971377778}
