{"iob":2.35290159001284,"activity":0.029635218855218852,"bolusiob":0.41151061536}
