{"iob":0.4974898645333332,"activity":0.030956228956228956,"bolusiob":0}
