{"iob":0.1968712924760494,"activity":0.0002476543209876543,"bolusiob":0}
