{"iob":1.2826226111999999,"activity":0.006966666666666666,"bolusiob":0.6992898048000002}
