{"iob":0.21804316081777805,"activity":0.011760493827160497,"bolusiob":0}
