{"iob":0.3273744102471997,"activity":0.025084014736251405,"bolusiob":0}
