{"iob":5.362968072248889,"activity":0.02966444444444444,"bolusiob":2.8651255494399996}
