{"iob":0.1489047134814815,"activity":0.00011481481481481481,"bolusiob":0}
