{"iob":2.6817666348617286,"activity":0.019244999999999998,"bolusiob":0.9800699266844449}
