{"iob":-0.09457154563950618,"activity":-0.00027370370370370374,"bolusiob":0}
