{"iob":1.2905599756088892,"activity":0.02259135802469136,"bolusiob":0.0048149939911109165}
