{"iob":0.1912247949511114,"activity":0.010799551066217734,"bolusiob":0}
