{"iob":6.014072008248888,"activity":0.015664444444444443,"bolusiob":5.260726016995556}
