{"iob":1.985587430964915,"activity":0.02339541384960718,"bolusiob":0.18599836864000002}
