{"iob":0.8223816443891357,"activity":0.0015279012345679013,"bolusiob":0}
