{"iob":5.953368845815876,"activity":0.039235470370370354,"bolusiob":2.929633578275557}
