{"iob":-0.36462108719120806,"activity":-0.0005979350841750842,"bolusiob":0}
