{"iob":-0.2424805275891358,"activity":-0.002633939393939394,"bolusiob":0}
