{"iob":1.5343708313600006,"activity":0.034004040404040405,"bolusiob":0}
