{"iob":0.39457082560000006,"activity":0.002811111111111111,"bolusiob":0}
