{"iob":0.07482891834469137,"activity":0.0006204938271604938,"bolusiob":0}
