{"iob":1.1867132057283951,"activity":0.0046061728395061724,"bolusiob":0.8775630984691357}
