{"iob":0.00020001466666666468,"activity":0.0005042087542087542,"bolusiob":0}
