{"iob":0.0872402077783504,"activity":0.002295370314253648,"bolusiob":0}
