{"iob":2.681581965774897,"activity":0.015544737485970815,"bolusiob":0.9064215366400004}
