{"iob":2.008832193027161,"activity":0.028535802469135795,"bolusiob":0.174068472355556}
