{"iob":3.4301597068641985,"activity":0.03919382716049381,"bolusiob":0.5509754684444452}
