{"iob":0.9720529632332241,"activity":0.003160001111111111,"bolusiob":0}
