{"iob":0.6820238634666675,"activity":0.03300336700336701,"bolusiob":0}
