{"iob":-0.30581790220702654,"activity":-0.002199812558922559,"bolusiob":0}
