{"iob":0.2544052269511112,"activity":0.01150662177328844,"bolusiob":0}
