{"iob":0.4499246972681482,"activity":0.0036340740740740743,"bolusiob":0}
