{"iob":0.0033421806577775158,"activity":0.00990426487093154,"bolusiob":0}
