{"iob":0.9619907775209877,"activity":0.0022543209876543205,"bolusiob":0.8629931189728395}
