{"iob":3.3467014186666666,"activity":0.017911111111111107,"bolusiob":1.8545016880000007}
