{"iob":-0.14887128452084175,"activity":-0.00010911827160493828,"bolusiob":0}
