{"iob":0.8311560363748763,"activity":0.004639207283950617,"bolusiob":0}
