{"iob":0.4092800633362964,"activity":0.0014227160493827163,"bolusiob":0.2589569752177779}
