{"iob":1.1706379687611057,"activity":0.007895949854096522,"bolusiob":0}
