{"iob":3.07112302464,"activity":0.010339999999999997,"bolusiob":2.45343094656}
