{"iob":0.7306436009600006,"activity":0.030408080808080808,"bolusiob":0}
