{"iob":-0.37334566678123504,"activity":0.012025701459034787,"bolusiob":0}
