{"iob":0.3918862568711111,"activity":0.0019516498316498316,"bolusiob":0.1784016443733334}
