{"iob":2.678823392426667,"activity":0.0024266666666666664,"bolusiob":2.631472641706667}
