{"iob":-0.37884657123555554,"activity":-0.0009674074074074074,"bolusiob":0}
