{"iob":0.8181422109313582,"activity":0.0030051851851851854,"bolusiob":0}
