{"iob":0.2671297685770642,"activity":0.006709444635241301,"bolusiob":0}
