{"iob":-0.2928827045530864,"activity":-0.000454320987654321,"bolusiob":0}
