{"iob":-0.4659053627249383,"activity":-0.0013835185185185187,"bolusiob":0}
