{"iob":0.7657612650357903,"activity":0.015651413692480357,"bolusiob":0.07854099498666667}
