{"iob":0.045355184,"activity":0.00018333333333333334,"bolusiob":0}
