{"iob":0.698405938271969,"activity":0.007875768507295171,"bolusiob":0}
