{"iob":0.25512668909444447,"activity":0.0016064141414141415,"bolusiob":0}
