{"iob":0.013203957725610626,"activity":0.0034724512906846245,"bolusiob":0}
