{"iob":4.707655440734815,"activity":0.016899259259259256,"bolusiob":3.6432925042725928}
