{"iob":1.1962135132918519,"activity":0.0005985185185185184,"bolusiob":1.188844495834074}
