{"iob":0.4737098311111111,"activity":0.0012037037037037036,"bolusiob":0}
