{"iob":0.3119269115578506,"activity":0.005701973411896745,"bolusiob":0}
