{"iob":0.4845043114271605,"activity":0.0009604938271604937,"bolusiob":0}
