{"iob":-0.02969849916444444,"activity":-0.0011102356902356904,"bolusiob":0}
