{"iob":0.08966580707555555,"activity":0.00038814814814814815,"bolusiob":0}
