{"iob":0.4617548611634568,"activity":0.0064967901234567905,"bolusiob":0.04130435527111107}
