{"iob":0.08024059466222225,"activity":0.0015110549943883277,"bolusiob":0}
