{"iob":0.4368781434311111,"activity":-0.000025185185185184946,"bolusiob":0.660966656}
