{"iob":0.326094758008889,"activity":0.008593041526374861,"bolusiob":0}
