{"iob":0.3377194097324759,"activity":-0.000052323108866442574,"bolusiob":0}
