{"iob":0.004997029262222164,"activity":0.00297283950617284,"bolusiob":0}
