{"iob":4.65736146847605,"activity":0.020033827160493827,"bolusiob":3.2279908354844453}
