{"iob":-0.2627056003373732,"activity":0.004430706509539844,"bolusiob":0}
