{"iob":0.683779870706173,"activity":0.009354792368125697,"bolusiob":0}
