{"iob":0.09967196602469136,"activity":0.0005208978675645343,"bolusiob":0}
