{"iob":0.6723892836622221,"activity":0.022640179573512904,"bolusiob":0}
