{"iob":-0.2926169034927408,"activity":-0.0011720202020202024,"bolusiob":0}
