{"iob":1.4408982542222222,"activity":0.011540740740740739,"bolusiob":0.4665278746666669}
