{"iob":-0.07290035437827161,"activity":-0.0006445679012345678,"bolusiob":0}
