{"iob":0.012493840255729277,"activity":0.003621604433221101,"bolusiob":0}
