{"iob":2.7351547185526757,"activity":0.020657019955106624,"bolusiob":1.5467054006044447}
