{"iob":0.14761887614617286,"activity":0.0012662962962962964,"bolusiob":0}
