{"iob":1.109108196444445,"activity":0.021611672278338948,"bolusiob":0}
