{"iob":0.8542372212824904,"activity":0.009943625521885522,"bolusiob":0}
