{"iob":0.006407952497777792,"activity":0.0004918069584736251,"bolusiob":0}
