{"iob":0.3433926076775867,"activity":0.006412138630751964,"bolusiob":0}
