{"iob":0.17195855250074077,"activity":0.000643608305274972,"bolusiob":0}
