{"iob":-0.00021407822222221373,"activity":0.004034231200897869,"bolusiob":0}
