{"iob":0.5771738761600008,"activity":0.03314747474747475,"bolusiob":0}
