{"iob":2.6201181748464197,"activity":0.026299753086419752,"bolusiob":0.5619618968177778}
