{"iob":1.3537238528702014,"activity":0.024561742918069583,"bolusiob":0.0011629126399997913}
