{"iob":0.04113789383111112,"activity":0.0007611672278338945,"bolusiob":0}
