{"iob":0.5689631376943983,"activity":0.003616297037037037,"bolusiob":0}
