{"iob":1.2580868822439506,"activity":0.0026738271604938267,"bolusiob":1.150174469420247}
