{"iob":0.7956290970864197,"activity":0.0005728395061728394,"bolusiob":0.7863356239012347}
