{"iob":0.02500846392888887,"activity":0.0035115600448933793,"bolusiob":0}
