{"iob":-0.00522923628444445,"activity":-0.0002702581369248037,"bolusiob":0}
