{"iob":0.8722533893333334,"activity":0.0222037037037037,"bolusiob":0}
