{"iob":-0.04914344131160494,"activity":-0.0000717283950617284,"bolusiob":0}
