{"iob":0.006745114595555546,"activity":0.002939169472502807,"bolusiob":0}
