{"iob":1.0899223060833292,"activity":0.0026487159259259256,"bolusiob":0}
