{"iob":2.7717235780266667,"activity":0.03896888888888888,"bolusiob":0.2485334374399997}
