{"iob":0.09386382773333357,"activity":0.03827946127946129,"bolusiob":0}
