{"iob":0.13815733333333338,"activity":0.0028956228956228958,"bolusiob":0}
