{"iob":-0.004475564426666668,"activity":-0.0011685185185185188,"bolusiob":0}
