{"iob":2.347487022388148,"activity":0.012544074074074076,"bolusiob":1.1375048034133337}
