{"iob":0.4923478147792595,"activity":0.018401863075196406,"bolusiob":0}
