{"iob":0.7989104372752094,"activity":0.0023207417283950616,"bolusiob":0}
