{"iob":0.3426359491358025,"activity":0.003387205387205387,"bolusiob":0}
