{"iob":0.09340377046913581,"activity":0.0003049382716049383,"bolusiob":0}
