{"iob":0.22361438844839504,"activity":-0.0018324017957351297,"bolusiob":0}
