{"iob":1.0968763160000001,"activity":0.02190151515151515,"bolusiob":0}
