{"iob":2.0112327488,"activity":0.043070707070707065,"bolusiob":0}
