{"iob":-0.34206865681580245,"activity":0.013548282828282828,"bolusiob":0}
