{"iob":3.0850974826982718,"activity":0.01986691358024691,"bolusiob":1.4544834345955557}
