{"iob":0.49340539840000003,"activity":0.0005444444444444444,"bolusiob":0}
