{"iob":-0.2374762921754509,"activity":-0.0034818481369248036,"bolusiob":0}
