{"iob":0.023101923377777535,"activity":0.034867564534231205,"bolusiob":0}
