{"iob":-0.09965028331068979,"activity":-0.000050909135802469134,"bolusiob":0}
