{"iob":1.5366246481540746,"activity":0.022155892255892255,"bolusiob":0}
