{"iob":0.6273240588464335,"activity":0.00823074224466891,"bolusiob":0}
