{"iob":2.2221415003022225,"activity":0.027768888888888885,"bolusiob":0.28358191232}
