{"iob":1.5792515416098765,"activity":0.012251638608305273,"bolusiob":0.6556891001600003}
