{"iob":2.3843070160000006,"activity":0.046808080808080806,"bolusiob":0}
