{"iob":0.40498403982222253,"activity":0.01224219977553311,"bolusiob":0}
