{"iob":0.5033336238740854,"activity":0.0029230251851851846,"bolusiob":0}
