{"iob":0.1104315672888889,"activity":0.0009533333333333334,"bolusiob":0}
