{"iob":1.7552649644444445,"activity":0.028263187429854092,"bolusiob":0.054381102222222366}
