{"iob":0.010921692515555326,"activity":0.008046913580246912,"bolusiob":0}
