{"iob":0.08195187680000006,"activity":0.005060606060606062,"bolusiob":0}
