{"iob":0.13716332999111125,"activity":0.009549046015712683,"bolusiob":0}
