{"iob":0.04377646691555555,"activity":0.0165351290684624,"bolusiob":0}
