{"iob":0.8293676565333334,"activity":0.012481481481481482,"bolusiob":0.057495999466666725}
