{"iob":0.16549657968197534,"activity":0.0009891358024691358,"bolusiob":0}
