{"iob":0.9416361544533339,"activity":0.03132693602693602,"bolusiob":0}
