{"iob":0.15794432288000004,"activity":0.004004040404040405,"bolusiob":0}
