{"iob":0.08141380400000003,"activity":0.0027247474747474753,"bolusiob":0}
