{"iob":-0.16356002165135802,"activity":-0.0007002244668911337,"bolusiob":0}
