{"iob":0.26605906435061727,"activity":0.005529264870931539,"bolusiob":0}
