{"iob":1.1625599636266668,"activity":0.03397710437710438,"bolusiob":0}
