{"iob":1.3857314038400004,"activity":0.040416161616161614,"bolusiob":0}
