{"iob":1.5941792970781452,"activity":0.015683334320987653,"bolusiob":0.009290628444444214}
