{"iob":1.05288449536,"activity":0.030771717171717172,"bolusiob":0}
