{"iob":0.6673435099966561,"activity":0.0016957414814814816,"bolusiob":0}
