{"iob":1.3751944217548955,"activity":0.027803113793490455,"bolusiob":0}
