{"iob":0.09108403392158024,"activity":-0.0031598765432098767,"bolusiob":0}
