{"iob":0.48409923025750345,"activity":0.0008800383950617284,"bolusiob":0}
