{"iob":0.664640626397238,"activity":0.0075313859820426475,"bolusiob":0}
