{"iob":0.6522255409461728,"activity":0.0021743209876543203,"bolusiob":0.5233987966735802}
