{"iob":0.0019502944020903471,"activity":0.0009067258698092032,"bolusiob":0}
