{"iob":0.20066421257481482,"activity":0.0011085185185185184,"bolusiob":0}
