{"iob":2.8012137749175308,"activity":0.006150864197530863,"bolusiob":2.5458641414479013}
