{"iob":1.9196067824829628,"activity":0.022810549943883266,"bolusiob":0.016580180124444444}
