{"iob":0.3891036782222216,"activity":0.01308754208754209,"bolusiob":0.36213688888888895}
