{"iob":0.03568784643160494,"activity":0.0003317283950617284,"bolusiob":0}
