{"iob":-0.03577058829124998,"activity":0.006100902777777779,"bolusiob":0}
