{"iob":0.31537524044317744,"activity":0.0013195065432098766,"bolusiob":0}
