{"iob":0.2062179536759188,"activity":0.0032051290123456793,"bolusiob":0}
