{"iob":0.12121766400000002,"activity":0.013496969696969702,"bolusiob":0}
