{"iob":0.8770834581807406,"activity":0.007709629629629629,"bolusiob":0.24255392042666668}
