{"iob":0.11057898080000002,"activity":0.0053939393939393945,"bolusiob":0}
