{"iob":-0.2440108258588289,"activity":-0.00036658740740740743,"bolusiob":0}
