{"iob":-0.10741696039111115,"activity":-0.0016181930415263748,"bolusiob":0}
