{"iob":1.2417315955990123,"activity":0.005700246913580246,"bolusiob":0.8049310686182717}
