{"iob":-0.11679729774222222,"activity":-0.001137800224466891,"bolusiob":0}
