{"iob":0.020563427946666688,"activity":0.002585185185185185,"bolusiob":0}
