{"iob":0.6757069608849552,"activity":0.004170640134680134,"bolusiob":0}
