{"iob":0.024413810662716057,"activity":0.0026614927048260384,"bolusiob":0}
