{"iob":-0.04918108492641976,"activity":-0.00006987654320987654,"bolusiob":0}
