{"iob":0.4300105742992594,"activity":0.0005844668911335576,"bolusiob":0.46631862815604946}
