{"iob":0.17114979667601277,"activity":-0.00024809732884399584,"bolusiob":0}
