{"iob":0.08238086272790124,"activity":-0.00021680134680134694,"bolusiob":0}
