{"iob":1.0093844780691066,"activity":0.016087974051627384,"bolusiob":0.16190720000000003}
