{"iob":-0.490465551217799,"activity":-0.002080247530864197,"bolusiob":0}
