{"iob":-0.1779524530725926,"activity":-0.0005208641975308642,"bolusiob":0}
