{"iob":-0.2237503700808002,"activity":-0.004508475499438833,"bolusiob":0}
