{"iob":4.721474781582222,"activity":0.03899777777777777,"bolusiob":1.45344305344}
