{"iob":0.09686976926320988,"activity":0.00020154320987654322,"bolusiob":0}
