{"iob":0.3863820880000002,"activity":0.014722222222222223,"bolusiob":0}
