{"iob":0.8845181297777781,"activity":0.018221099887766556,"bolusiob":0}
