{"iob":0.5727248820977777,"activity":0.02314769921436588,"bolusiob":0}
