{"iob":-0.0009554000000004836,"activity":0.01588383838383839,"bolusiob":0}
