{"iob":0.3357559516049383,"activity":0.0035493827160493828,"bolusiob":0}
