{"iob":0.3969713754706173,"activity":0.0003195061728395062,"bolusiob":0}
