{"iob":0.5658265346844447,"activity":0.03300763187429854,"bolusiob":0}
