{"iob":0.6167366980266669,"activity":0.009762962962962963,"bolusiob":0.024271570773333462}
