{"iob":0.4104012909511114,"activity":0.012920763187429853,"bolusiob":0}
