{"iob":2.0602535584986907,"activity":0.012528138552188553,"bolusiob":0.9531300142222221}
