{"iob":2.423632608426667,"activity":0.010426666666666666,"bolusiob":1.664047105706667}
