{"iob":1.2690714937365868,"activity":0.0204302701010101,"bolusiob":0}
