{"iob":1.250689848003951,"activity":0.00921679012345679,"bolusiob":0.46070244465777793}
