{"iob":1.3680838326755558,"activity":0.021849887766554426,"bolusiob":0}
