{"iob":2.9092036010666664,"activity":0.005955555555555555,"bolusiob":2.6765212842666664}
