{"iob":2.964667110351135,"activity":0.012457750729517396,"bolusiob":1.2965330560000001}
