{"iob":0.3030937261511111,"activity":0.0037833894500561164,"bolusiob":0.026075140551111178}
