{"iob":2.25652596848924,"activity":0.013646961481481479,"bolusiob":0.6994936525511112}
