{"iob":-0.11319416976197531,"activity":-0.0014757800224466894,"bolusiob":0}
