{"iob":1.7274174829985185,"activity":0.0224885521885522,"bolusiob":0.00011094165333307427}
