{"iob":2.362640576,"activity":0.02913333333333333,"bolusiob":0.3126019839999998}
