{"iob":0.2634692088459575,"activity":0.0038689675757575762,"bolusiob":0}
