{"iob":0.14120305429135804,"activity":0.002008574635241302,"bolusiob":0}
