{"iob":-0.049868788772345685,"activity":-0.00002197530864197531,"bolusiob":0}
