{"iob":0.10391099011013702,"activity":0.006139505723905725,"bolusiob":0}
