{"iob":0.8689319633688529,"activity":0.0016853977777777779,"bolusiob":0}
