{"iob":1.761141279863431,"activity":0.028568979292929293,"bolusiob":0}
