{"iob":0.7530625130666666,"activity":0.01991245791245791,"bolusiob":0}
