{"iob":0.05194554933333346,"activity":0.013314814814814818,"bolusiob":0}
