{"iob":-0.01603793536,"activity":-0.0003545454545454546,"bolusiob":0}
