{"iob":0.09972712042988274,"activity":0.00003788370370370371,"bolusiob":0}
