{"iob":3.81732494208,"activity":0.006326666666666665,"bolusiob":3.6114809203199996}
