{"iob":-0.0037856633600000023,"activity":-0.00025353535353535354,"bolusiob":0}
