{"iob":0.2668314184000001,"activity":0.003988282828282828,"bolusiob":0}
