{"iob":0.10388534998913582,"activity":0.0010311111111111111,"bolusiob":0}
