{"iob":0.013325593031111083,"activity":0.024678675645342322,"bolusiob":0}
