{"iob":0.0831319865323457,"activity":0.001214186307519641,"bolusiob":0}
