{"iob":0.027912836309575754,"activity":0.0017619526936026937,"bolusiob":0}
