{"iob":1.69240117952,"activity":0.0365070707070707,"bolusiob":0}
