{"iob":2.2592264097027166,"activity":0.0189883950617284,"bolusiob":0.3590539504355557}
