{"iob":0.8820523080940097,"activity":0.0159399068013468,"bolusiob":0.11559252977777779}
