{"iob":0.06287378885333335,"activity":0.0011474747474747476,"bolusiob":0}
