{"iob":0.012852910346909097,"activity":0.001526262457912458,"bolusiob":0}
