{"iob":0.6069053996562964,"activity":0.020790516273849608,"bolusiob":0}
