{"iob":0.036937100977777824,"activity":0.004362514029180697,"bolusiob":0}
