{"iob":2.3474266611358026,"activity":0.007308641975308641,"bolusiob":1.9384348223209877}
