{"iob":-0.4334938482725926,"activity":-0.002337687991021324,"bolusiob":0}
