{"iob":-0.3531387212684426,"activity":-0.0009418688664421995,"bolusiob":0}
