{"iob":0.833232818631111,"activity":0.011117037037037036,"bolusiob":0.08811153941333325}
