{"iob":0.42724537287111103,"activity":-0.000917037037037037,"bolusiob":0.7962218541511112}
