{"iob":0.5054075040944559,"activity":0.006412131627384961,"bolusiob":0}
