{"iob":0.006687798488888863,"activity":0.0019034792368125704,"bolusiob":0}
