{"iob":2.9293490123171186,"activity":0.011585141526374859,"bolusiob":1.3864745090844446}
