{"iob":-0.06685492705835404,"activity":-0.0016393713243546579,"bolusiob":0}
