{"iob":0.11038327555555559,"activity":0.0031846240179573514,"bolusiob":0}
