{"iob":4.6511070829511105,"activity":0.01247820426487093,"bolusiob":4.175967464106666}
