{"iob":0.3296405087348582,"activity":0.00036902369248035925,"bolusiob":0}
