{"iob":0.2741185050101192,"activity":0.015521941189674522,"bolusiob":0}
