{"iob":0.0003674853333333394,"activity":0.006269360269360269,"bolusiob":0}
