{"iob":0.5389549760000001,"activity":0.009373737373737374,"bolusiob":0.0026779840000000998}
