{"iob":1.3337038887466666,"activity":0.04379528619528619,"bolusiob":0}
