{"iob":0.2034405553777778,"activity":0.0013209876543209876,"bolusiob":0}
