{"iob":-0.0003085420799999294,"activity":0.004397979797979798,"bolusiob":0}
