{"iob":0.18390988527604937,"activity":0.0006776543209876543,"bolusiob":0}
