{"iob":0.29909757777777796,"activity":0.013902918069584737,"bolusiob":0}
