{"iob":0.05014480000000021,"activity":0.00777777777777778,"bolusiob":0}
