{"iob":0.020009723164444455,"activity":0.0006264870931537599,"bolusiob":0}
