{"iob":-0.1982886285287678,"activity":-0.00017405728395061728,"bolusiob":0}
