{"iob":-0.0000034099377777818685,"activity":0.00016223344556677896,"bolusiob":0}
