{"iob":0.18320471297983598,"activity":0.005863860325476994,"bolusiob":0}
