{"iob":-0.1488452373017284,"activity":-0.00011592592592592595,"bolusiob":0}
