{"iob":0.5493174192711113,"activity":0.028593827160493825,"bolusiob":0}
