{"iob":1.859293409485432,"activity":0.0031009876543209875,"bolusiob":1.7578485428306172}
