{"iob":0.6416914219693827,"activity":0.002805679012345679,"bolusiob":0.08343128533333338}
