{"iob":5.560542084314074,"activity":0.010034814814814814,"bolusiob":5.20907245458963}
