{"iob":-0.18807873564444444,"activity":0.0005983164983164984,"bolusiob":0}
