{"iob":0.059446778864197546,"activity":0.0007945679012345678,"bolusiob":0}
