{"iob":0.1692865822940592,"activity":0.006489879595959595,"bolusiob":0}
