{"iob":1.5418501910200952,"activity":0.010044052379349046,"bolusiob":0.2798539584553085}
