{"iob":0.10649873368290126,"activity":0.0016422839506172841,"bolusiob":0}
