{"iob":0.2591382292909516,"activity":0.005223703277216612,"bolusiob":0}
