{"iob":-0.00024965013333350106,"activity":0.004816498316498316,"bolusiob":0}
