{"iob":0.2618492844913342,"activity":0.002890247037037037,"bolusiob":0}
