{"iob":-0.38186007659654336,"activity":0.009050145903479238,"bolusiob":0}
