{"iob":0.08588492483950619,"activity":0.0004580246913580247,"bolusiob":0}
