{"iob":-0.32575707811148363,"activity":-0.0028927781481481486,"bolusiob":0}
