{"iob":1.7039302429076544,"activity":0.031357239057239056,"bolusiob":0.34404275555555586}
