{"iob":-0.2894273170254699,"activity":-0.0005470812345679014,"bolusiob":0}
