{"iob":3.3719678016790127,"activity":0.03546913580246913,"bolusiob":0.6548845795555558}
