{"iob":4.52476465152,"activity":0.020739999999999995,"bolusiob":2.9373363340800007}
