{"iob":0.242624931705679,"activity":0.005412974186307522,"bolusiob":0}
