{"iob":-0.2937176328503704,"activity":-0.003006548821548822,"bolusiob":0}
