{"iob":0.00033258183111110066,"activity":0.00035712682379349044,"bolusiob":0}
