{"iob":-0.1983137928691358,"activity":-0.00017,"bolusiob":0}
