{"iob":0.7129585991822223,"activity":0.024561728395061728,"bolusiob":0}
