{"iob":0.4396162673232091,"activity":0.0006863496296296295,"bolusiob":0}
