{"iob":0.00483934606222205,"activity":0.007698765432098766,"bolusiob":0}
