{"iob":0.5937219589891293,"activity":0.007817937946127946,"bolusiob":0}
