{"iob":0.03867931194864198,"activity":-0.00041679012345679036,"bolusiob":0}
