{"iob":1.3643580345295527,"activity":0.011096454792368132,"bolusiob":0}
