{"iob":0.5912878528059713,"activity":0.005860224590347925,"bolusiob":0}
