{"iob":0.7300901292907688,"activity":0.0068499552300785626,"bolusiob":0}
