{"iob":0.029633008497777787,"activity":0.0006938271604938272,"bolusiob":0}
