{"iob":0.17121268400000006,"activity":0.003330808080808081,"bolusiob":0}
