{"iob":0.1805844680888889,"activity":0.006051627384960718,"bolusiob":0}
