{"iob":-0.33818778271698585,"activity":-0.0012898262177328842,"bolusiob":0}
