{"iob":-0.10960424692345683,"activity":-0.002608226711560045,"bolusiob":0}
