{"iob":0.9259640938414604,"activity":0.009288800101010106,"bolusiob":0}
