{"iob":-0.09972517109059187,"activity":-0.000038130617283950615,"bolusiob":0}
