{"iob":4.500537799395556,"activity":0.04175111111111111,"bolusiob":1.1275678153600002}
