{"iob":-0.23171394993876543,"activity":-0.002401397306397307,"bolusiob":0}
