{"iob":-0.41009185452824704,"activity":-0.005521228956228957,"bolusiob":0}
