{"iob":0.3125445636934239,"activity":0.0014949385185185186,"bolusiob":0}
