{"iob":-0.3372860538390124,"activity":-0.0006885185185185184,"bolusiob":0}
