{"iob":4.263643654320989,"activity":0.021475308641975305,"bolusiob":2.5194776444444447}
