{"iob":0.09274097775604939,"activity":0.0015262401795735128,"bolusiob":0}
