{"iob":0.24218523375407405,"activity":0.002686980920314254,"bolusiob":0}
