{"iob":1.0490981811200006,"activity":0.04138080808080808,"bolusiob":0}
