{"iob":0.2894388765155557,"activity":0.01249135802469136,"bolusiob":0}
