{"iob":-0.21337845251421572,"activity":-0.005565384107744108,"bolusiob":0}
