{"iob":6.14775908096,"activity":0.011013333333333332,"bolusiob":5.76446441984}
