{"iob":0.19875293984000073,"activity":0.027688888888888895,"bolusiob":0}
