{"iob":-0.16802592656000004,"activity":-0.003312626262626263,"bolusiob":0}
