{"iob":0.21082840645209078,"activity":0.002523159494949495,"bolusiob":0}
