{"iob":5.559051148360247,"activity":0.022777446689113356,"bolusiob":3.859790299164444}
