{"iob":2.7401410214202477,"activity":0.040483681257014584,"bolusiob":0.5775102759032095}
