{"iob":-0.0001259104355555485,"activity":-0.0003393378226711561,"bolusiob":0}
