{"iob":1.174426223122963,"activity":0.001952592592592592,"bolusiob":1.1107232178251851}
