{"iob":3.195649576000001,"activity":0.05105050505050505,"bolusiob":0.11108434400000029}
