{"iob":0.6513885457333115,"activity":0.015250908641975307,"bolusiob":0.047453486364444464}
