{"iob":0.2507711257734794,"activity":0.014977103815937157,"bolusiob":0}
