{"iob":0.10042398803485261,"activity":0.0007370756228956231,"bolusiob":0}
