{"iob":0.8662697536474074,"activity":0.007842962962962961,"bolusiob":0.22710043562666662}
