{"iob":-0.03487752264959354,"activity":-0.0018460155443322111,"bolusiob":0}
