{"iob":0.2962967213195062,"activity":0.0025204938271604937,"bolusiob":0.08677343303111114}
