{"iob":3.237096839703703,"activity":0.003998092031425364,"bolusiob":3.0903826832592594}
