{"iob":0.08617136750617285,"activity":0.00045308641975308635,"bolusiob":0}
