{"iob":1.769945152,"activity":0.00591111111111111,"bolusiob":1.419191168}
