{"iob":0.5984392216127149,"activity":0.018514982716049386,"bolusiob":0}
