{"iob":-0.003284965439999993,"activity":-0.0011350168350168352,"bolusiob":0}
