{"iob":0.14964391415609712,"activity":0.000053862592592592584,"bolusiob":0}
