{"iob":0.4815054432790124,"activity":0.000991358024691358,"bolusiob":0}
