{"iob":-0.45050090778765445,"activity":-0.0017588271604938271,"bolusiob":0}
