{"iob":-0.04569234266148689,"activity":-0.0019603253086419754,"bolusiob":0}
