{"iob":0.09979103586765432,"activity":0.00003123456790123457,"bolusiob":0}
