{"iob":0.22838387257612935,"activity":0.004957126487093153,"bolusiob":0}
