{"iob":2.864316366111605,"activity":0.025729135802469133,"bolusiob":0.9126253389155556}
