{"iob":0.5035675203555557,"activity":0.008085297418630753,"bolusiob":0.016276596977777835}
