{"iob":0.052058824533333325,"activity":0.022875420875420875,"bolusiob":0}
