{"iob":0.37979216128000004,"activity":0.0009377777777777777,"bolusiob":0}
