{"iob":-0.0000069457599999989135,"activity":0.00016111111111111114,"bolusiob":0}
