{"iob":0.04974707441777779,"activity":0.00003407407407407407,"bolusiob":0}
