{"iob":0.032154660657778056,"activity":0.018274635241301913,"bolusiob":0}
