{"iob":3.024154933333334,"activity":0.0406111111111111,"bolusiob":0.31356160000000066}
