{"iob":0.0010468039999999958,"activity":0.0010404040404040408,"bolusiob":0}
