{"iob":-0.010356706670617284,"activity":0.0022439842873176207,"bolusiob":0}
