{"iob":-0.0066811555555555575,"activity":-0.001560044893378227,"bolusiob":0}
