{"iob":0.8858490231861731,"activity":0.020691301907968588,"bolusiob":0}
