{"iob":1.6236747555555557,"activity":0.018425925925925925,"bolusiob":0.2651381333333333}
