{"iob":2.3255670889600006,"activity":0.041115151515151514,"bolusiob":0.004949419840000124}
