{"iob":3.0308440434567903,"activity":0.015598765432098764,"bolusiob":1.7512595022222226}
