{"iob":0.5534055237688891,"activity":0.0018577777777777776,"bolusiob":0}
