{"iob":0.045459784960000006,"activity":0.00018111111111111108,"bolusiob":0}
