{"iob":0.14517861600000004,"activity":0.0031767676767676767,"bolusiob":0}
