{"iob":0.35074780266666694,"activity":0.020023569023569027,"bolusiob":0}
