{"iob":0.09277874497333337,"activity":0.0015772727272727273,"bolusiob":0}
