{"iob":0.2658179736888889,"activity":0.006738496071829405,"bolusiob":0}
