{"iob":-0.09974005785283951,"activity":-0.000039259259259259255,"bolusiob":0}
