{"iob":0.02914838075000006,"activity":0.00656060606060606,"bolusiob":0}
