{"iob":0.2828118984533335,"activity":0.02445824915824916,"bolusiob":0}
