{"iob":3.3524420886755553,"activity":0.004331851851851851,"bolusiob":3.238649677368889}
