{"iob":2.3473435516049386,"activity":0.024975308641975304,"bolusiob":0.444588697777778}
