{"iob":-0.4279154922248405,"activity":0.0018013611672278345,"bolusiob":0}
