{"iob":1.380194293717376,"activity":0.014220876655443323,"bolusiob":0.03412213137777778}
