{"iob":0.5118638877155557,"activity":0.00862199775533109,"bolusiob":0.021774168000000073}
