{"iob":0.0963024,"activity":0.0026262626262626263,"bolusiob":0}
