{"iob":0.1510186099909447,"activity":0.002700280415263749,"bolusiob":0}
