{"iob":0.9754910761096448,"activity":0.0246271598989899,"bolusiob":0}
