{"iob":-0.6011831126971359,"activity":-0.0050167396184062855,"bolusiob":0}
