{"iob":-0.000009944948399331911,"activity":0.0001560765993265993,"bolusiob":0}
