{"iob":0.09960987477333358,"activity":0.006192592592592594,"bolusiob":0}
