{"iob":0.1988655088632994,"activity":0.0028083199214365877,"bolusiob":0}
