{"iob":0.16590413458074077,"activity":0.0007341133557800224,"bolusiob":0}
