{"iob":0.09970076801580247,"activity":0.000042839506172839504,"bolusiob":0}
