{"iob":0.11720427474868686,"activity":0.018441638439955103,"bolusiob":0}
