{"iob":0.0006443972266666266,"activity":0.0027043771043771046,"bolusiob":0}
