{"iob":5.441769916634074,"activity":0.014158518518518516,"bolusiob":4.761477341202964}
