{"iob":3.1564405034666665,"activity":0.04916498316498316,"bolusiob":0.15190612053333274}
