{"iob":-0.24412048075061732,"activity":-0.0003901234567901235,"bolusiob":0}
