{"iob":-5.91359999996266e-7,"activity":-0.00015252525252525264,"bolusiob":0}
