{"iob":0.0007049910044443664,"activity":0.010573288439955107,"bolusiob":0}
