{"iob":-0.0012959018666665045,"activity":0.01881481481481482,"bolusiob":0}
