{"iob":-0.15222199488000007,"activity":-0.005189898989898991,"bolusiob":0}
