{"iob":0.08503769108543212,"activity":0.00047234567901234564,"bolusiob":0}
