{"iob":0.5015899407486423,"activity":0.013969753086419756,"bolusiob":0}
