{"iob":6.550124663417642,"activity":0.030340695173961832,"bolusiob":4.875751197329382}
