{"iob":3.0302556017777778,"activity":0.03914814814814815,"bolusiob":0.35230782933333316}
