{"iob":0.5216885120000002,"activity":0.02088888888888889,"bolusiob":0}
