{"iob":5.0435385067614815,"activity":0.0056540740740740735,"bolusiob":4.911850869712592}
