{"iob":3.4946210361995065,"activity":0.022859012345679008,"bolusiob":1.5213711832177783}
