{"iob":1.7889935126913583,"activity":0.016530864197530862,"bolusiob":0.45156299644444464}
