{"iob":-0.04822860269827161,"activity":-0.00010839506172839505,"bolusiob":0}
