{"iob":0.14813526921481482,"activity":0.0001762962962962963,"bolusiob":0}
