{"iob":0.22188839955654324,"activity":0.0013141582491582493,"bolusiob":0}
