{"iob":0.682011761083126,"activity":0.01072244682379349,"bolusiob":0}
