{"iob":-0.5032516349247487,"activity":-0.003460398552188552,"bolusiob":0}
