{"iob":4.745679884641975,"activity":0.013234567901234569,"bolusiob":4.070957049679012}
