{"iob":0.19943007055012346,"activity":0.0000871604938271605,"bolusiob":0}
