{"iob":0.025483724000000024,"activity":0.002118686868686869,"bolusiob":0}
