{"iob":0.02518935104000002,"activity":0.007173737373737376,"bolusiob":0}
