{"iob":1.326008100977778,"activity":0.026012345679012346,"bolusiob":0}
