{"iob":0.19943429219555556,"activity":0.00008666666666666665,"bolusiob":0}
