{"iob":5.144421884239012,"activity":0.004819012345679012,"bolusiob":5.00981685606716}
