{"iob":-0.1488687383638047,"activity":-0.00010924172839506172,"bolusiob":0}
