{"iob":2.363490946785728,"activity":0.016103704691358023,"bolusiob":0.7055052666666669}
