{"iob":0.6996888639999999,"activity":0.00007777777777777777,"bolusiob":0.6992740159999999}
