{"iob":0.9524911545600001,"activity":0.02273333333333333,"bolusiob":0}
