{"iob":-0.1736426193244445,"activity":-0.0035980359147025818,"bolusiob":0}
