{"iob":-0.09979451854222224,"activity":-0.00003074074074074074,"bolusiob":0}
