{"iob":-0.18183994736829673,"activity":0.00851648709315376,"bolusiob":0}
