{"iob":1.9634087786508645,"activity":0.015901728395061727,"bolusiob":0.6243160453688891}
