{"iob":-0.1121801106155556,"activity":-0.0027215768799102136,"bolusiob":0}
