{"iob":0.15540970055111114,"activity":0.0011392592592592593,"bolusiob":0}
