{"iob":4.086285015735308,"activity":0.03130271604938271,"bolusiob":1.419461435484445}
