{"iob":0.3361207071871604,"activity":0.005385763187429853,"bolusiob":0}
