{"iob":0.07045323573333337,"activity":0.00285016835016835,"bolusiob":0}
