{"iob":-0.0015802871822222177,"activity":-0.0002198092031425365,"bolusiob":0}
