{"iob":0.18392213682765432,"activity":0.0006774074074074075,"bolusiob":0}
