{"iob":-0.4704941353326735,"activity":-0.003820555679012346,"bolusiob":0}
