{"iob":0.07699204543209898,"activity":0.01722051627384961,"bolusiob":0}
