{"iob":0.12559600000000026,"activity":0.008989898989898992,"bolusiob":0}
