{"iob":1.6144504806132516,"activity":0.021017105117845117,"bolusiob":0.009616707662222224}
