{"iob":0.5626205542496325,"activity":0.0033228508641975304,"bolusiob":0.0977466666666667}
