{"iob":0.19945931477333334,"activity":0.0000837037037037037,"bolusiob":0}
