{"iob":0.09932674632691359,"activity":0.0000817283950617284,"bolusiob":0}
