{"iob":2.52976160780642,"activity":0.012595308641975306,"bolusiob":1.512716316657778}
