{"iob":0.8005107517702374,"activity":0.002261852839506173,"bolusiob":0}
