{"iob":0.031832193813333354,"activity":0.0027905723905723902,"bolusiob":0}
