{"iob":0.09970907960888889,"activity":0.00004185185185185186,"bolusiob":0}
