{"iob":0.14963830302814818,"activity":0.000058518518518518525,"bolusiob":0}
