{"iob":3.1131014265362973,"activity":0.03542518518518518,"bolusiob":0.5050257476266671}
