{"iob":1.13755884781696,"activity":0.016080968978675645,"bolusiob":0.21448303232000004}
