{"iob":0.19755154739506173,"activity":0.0002324074074074074,"bolusiob":0}
