{"iob":0.0030562422755555435,"activity":0.0014549943883277222,"bolusiob":0}
