{"iob":0.09686065791999995,"activity":0.008111111111111114,"bolusiob":0}
