{"iob":-0.03860476563753087,"activity":-0.0002945679012345679,"bolusiob":0}
