{"iob":3.2612579301451854,"activity":0.017005185185185182,"bolusiob":1.8976979294696297}
