{"iob":1.106032574826667,"activity":0.028724579124579125,"bolusiob":0}
