{"iob":0.04825027795753087,"activity":0.00010765432098765431,"bolusiob":0}
