{"iob":0.14243063882666662,"activity":0.007095286195286195,"bolusiob":0}
