{"iob":0.22563243608888897,"activity":0.006405162738496071,"bolusiob":0}
