{"iob":5.060824594062222,"activity":0.03436222222222222,"bolusiob":2.09531092736}
