{"iob":0.5502987704368351,"activity":0.0020356177777777775,"bolusiob":0}
