{"iob":-0.33486993335851856,"activity":-0.0017448765432098766,"bolusiob":0}
