{"iob":0.34293554527226183,"activity":0.000535062098765432,"bolusiob":0}
