{"iob":1.260627399874553,"activity":0.01932915838383838,"bolusiob":0.5175213967367902}
