{"iob":0.3451452622933332,"activity":0.020242424242424242,"bolusiob":0}
