{"iob":0.175400113742222,"activity":0.013994051627384962,"bolusiob":0}
