{"iob":0.03877979188919165,"activity":0.003832149046015713,"bolusiob":0}
