{"iob":0.27335686275555554,"activity":0.006741863075196408,"bolusiob":0}
