{"iob":2.851618164283951,"activity":0.0167012962962963,"bolusiob":1.357887796337778}
