{"iob":-0.4693507082011471,"activity":-0.0024781487654320987,"bolusiob":0}
