{"iob":2.6495845384533343,"activity":0.04162996632996633,"bolusiob":0.11478023914666695}
