{"iob":0.057366911111111085,"activity":0.010535914702581372,"bolusiob":0}
