{"iob":0.9410644245333334,"activity":0.011411111111111111,"bolusiob":0.13017172480000003}
