{"iob":-0.33584790528,"activity":-0.0017577777777777776,"bolusiob":0}
