{"iob":1.1608795392000002,"activity":0.008799999999999999,"bolusiob":0.4098093168000001}
