{"iob":3.4866512535387657,"activity":0.0104879012345679,"bolusiob":2.916529949266173}
