{"iob":0.25744787736975316,"activity":0.003927351290684625,"bolusiob":0}
