{"iob":1.4610525091713582,"activity":0.014550213243546575,"bolusiob":0.3548483039446913}
