{"iob":0.045343488505679014,"activity":0.00018358024691358027,"bolusiob":0}
