{"iob":1.015720103506173,"activity":0.007495061728395061,"bolusiob":0.37341877155555564}
