{"iob":0.20480361216000006,"activity":0.009903030303030304,"bolusiob":0}
