{"iob":0.47537101264592596,"activity":0.0033674074074074066,"bolusiob":0.18548547754666672}
