{"iob":2.4070632314102944,"activity":0.027892212233445565,"bolusiob":0.06916383288888878}
