{"iob":1.788512415779774,"activity":0.01212817320987654,"bolusiob":0.5727587451733335}
