{"iob":-0.3268056839478149,"activity":-0.0040643560830527494,"bolusiob":0}
