{"iob":0.9409905398044446,"activity":0.025132884399551067,"bolusiob":0}
