{"iob":1.083746390720001,"activity":0.031478787878787884,"bolusiob":0}
