{"iob":1.0812781598024692,"activity":0.006532098765432097,"bolusiob":0.5208623448888892}
