{"iob":0.286969593951605,"activity":0.0017434231200897867,"bolusiob":0}
