{"iob":0.2555822025955557,"activity":0.005666442199775534,"bolusiob":0}
