{"iob":2.668021907342222,"activity":0.01944296296296296,"bolusiob":0.9991588631466666}
