{"iob":0.051299719644444464,"activity":0.014015712682379347,"bolusiob":0}
