{"iob":0.9104997732676733,"activity":0.010361725387205388,"bolusiob":0}
