{"iob":1.5865953645511115,"activity":0.014100909090909093,"bolusiob":0.39478596736}
