{"iob":0.10113793073225376,"activity":0.004013579910213244,"bolusiob":0}
