{"iob":0.00907706336989796,"activity":0.002315343602693603,"bolusiob":0}
