{"iob":-0.19709691271901236,"activity":-0.0002206172839506173,"bolusiob":0}
