{"iob":-0.04696274560790124,"activity":-0.00014580246913580247,"bolusiob":0}
