{"iob":0.20378577105864198,"activity":0.003188462401795736,"bolusiob":0}
