{"iob":0.09905470627555554,"activity":0.00008814814814814815,"bolusiob":0}
