{"iob":0.015968259875555557,"activity":0.00059337822671156,"bolusiob":0}
