{"iob":4.817542558024692,"activity":0.00695679012345679,"bolusiob":4.616552543209877}
