{"iob":-0.17800210301629632,"activity":-0.00209641975308642,"bolusiob":0}
