{"iob":-0.0915399798597531,"activity":-0.0003482716049382716,"bolusiob":0}
