{"iob":-0.014721789335195731,"activity":-0.0033019172839506175,"bolusiob":0}
