{"iob":4.239486246606763,"activity":0.05687625645342311,"bolusiob":0.45612960039111095}
