{"iob":0.2209222230453332,"activity":0.0025148631313131314,"bolusiob":0}
