{"iob":1.2265901953580247,"activity":0.0036432098765432097,"bolusiob":1.0306507903209878}
