{"iob":0.18982128270419754,"activity":0.0005280246913580247,"bolusiob":0}
