{"iob":0.3249198854289767,"activity":-0.00028285281705948365,"bolusiob":0}
