{"iob":0.05726382816000002,"activity":0.01126969696969697,"bolusiob":0}
