{"iob":1.7310209467726334,"activity":0.028725747227833894,"bolusiob":0}
