{"iob":0.17963074751999972,"activity":0.022769696969696968,"bolusiob":0}
