{"iob":2.9598341260799996,"activity":0.02366,"bolusiob":0.9613641523200002}
