{"iob":1.0564987649896296,"activity":0.005034074074074073,"bolusiob":0.6600360081066668}
