{"iob":0.05390079879111112,"activity":0.0022803591470258143,"bolusiob":0}
