{"iob":2.057300913011358,"activity":0.030416049382716047,"bolusiob":0.7973238924444448}
