{"iob":1.4206831439200003,"activity":0.01345040404040404,"bolusiob":0.40052911468000013}
