{"iob":1.7964331050666669,"activity":0.023711111111111106,"bolusiob":0.19619407359999996}
