{"iob":2.524482547835355,"activity":0.03260729448933783,"bolusiob":1.8032135802469138}
