{"iob":0.0664864112000001,"activity":0.006934343434343436,"bolusiob":0}
