{"iob":0.09143807207111118,"activity":0.003968237934904602,"bolusiob":0}
