{"iob":0.07158463631451037,"activity":0.002178703647586981,"bolusiob":0}
