{"iob":0.08603066894222224,"activity":0.002549270482603816,"bolusiob":0}
