{"iob":0.3021652183560442,"activity":0.006968142255892257,"bolusiob":0}
