{"iob":3.7930984691358027,"activity":0.028734567901234565,"bolusiob":1.3403677777777778}
