{"iob":0.19756574217481482,"activity":0.00023160493827160497,"bolusiob":0}
