{"iob":0.4286446570362964,"activity":0.0067910437710437714,"bolusiob":0}
