{"iob":0.8641996382577778,"activity":0.0017933333333333334,"bolusiob":0}
