{"iob":1.4863117699990127,"activity":0.02822469135802469,"bolusiob":0.16051670755555553}
