{"iob":0.04974422462419753,"activity":0.00003432098765432099,"bolusiob":0}
