{"iob":-0.3226807018390125,"activity":-0.002983838383838384,"bolusiob":0}
