{"iob":0.7809756999427161,"activity":0.0012335802469135803,"bolusiob":0}
