{"iob":0.14228459543703703,"activity":0.00039851851851851854,"bolusiob":0}
