{"iob":0.10953225733333334,"activity":0.0029745791245791254,"bolusiob":0}
