{"iob":1.3970583539200008,"activity":0.026941414141414145,"bolusiob":0}
