{"iob":0.488160486895088,"activity":0.013929394545454542,"bolusiob":0}
