{"iob":0.642040358188411,"activity":0.0055829518630751964,"bolusiob":0}
