{"iob":0.1420161712,"activity":0.007944444444444445,"bolusiob":0}
