{"iob":-0.006205365406026855,"activity":0.019743030157126824,"bolusiob":0}
