{"iob":0.132362183616932,"activity":0.0027413802356902354,"bolusiob":0}
