{"iob":0.5328277795555555,"activity":0.004225925925925925,"bolusiob":0.17526110933333341}
