{"iob":0.24663364060585596,"activity":0.0023556793827160492,"bolusiob":0}
