{"iob":0.00243693098666653,"activity":0.0026811447811447816,"bolusiob":0}
