{"iob":1.2660884521600007,"activity":0.039511111111111115,"bolusiob":0}
