{"iob":1.2065433586844452,"activity":0.02635679012345679,"bolusiob":0}
