{"iob":1.3728642784,"activity":0.023565656565656564,"bolusiob":0.010922393599999802}
