{"iob":0.42825344177777785,"activity":0.00928675645342312,"bolusiob":0}
