{"iob":-0.14542022580345682,"activity":-0.0024297530864197535,"bolusiob":0}
