{"iob":-0.13768710566320994,"activity":0.00045604938271604997,"bolusiob":0}
