{"iob":0.16317585351249134,"activity":0.02011930398428732,"bolusiob":0}
