{"iob":0.00042332695700685323,"activity":0.001167901066217733,"bolusiob":0}
