{"iob":2.274101978960338,"activity":0.01168337160493827,"bolusiob":0.9634245021155557}
