{"iob":0.46309313863901275,"activity":0.01970750841750842,"bolusiob":0}
