{"iob":0.2723429106728569,"activity":0.009429853535353536,"bolusiob":0}
