{"iob":0.6108612448000003,"activity":0.011383838383838385,"bolusiob":-0.000025700800000028057}
