{"iob":0.43122810291606023,"activity":0.0009003033333333334,"bolusiob":0}
