{"iob":0.07762283959308641,"activity":-0.001345578002244669,"bolusiob":0}
