{"iob":0.801597319498272,"activity":0.02204845117845118,"bolusiob":0}
