{"iob":-0.6930224646192062,"activity":-0.004666980224466891,"bolusiob":0}
