{"iob":0.09909486741333333,"activity":0.0023178451178451184,"bolusiob":0}
