{"iob":0.15238161979259257,"activity":0.0023943097643097646,"bolusiob":0}
