{"iob":0.6198475383980244,"activity":0.016687160493827163,"bolusiob":0}
