{"iob":0.235811317254321,"activity":-0.00028720538720538723,"bolusiob":0}
