{"iob":1.1979400356740741,"activity":0.021527890011223356,"bolusiob":0}
