{"iob":0.4758716278399997,"activity":0.03193131313131313,"bolusiob":0}
