{"iob":0.711168155914104,"activity":0.015775259797979797,"bolusiob":0}
