{"iob":-0.38650507367012343,"activity":-0.0007314197530864198,"bolusiob":0}
