{"iob":0.8078522488177784,"activity":0.016204938271604942,"bolusiob":0}
