{"iob":0.37882465750824496,"activity":0.007142255387205388,"bolusiob":0}
