{"iob":0.047707555875555564,"activity":0.000795398428731762,"bolusiob":0}
