{"iob":0.33988292260594843,"activity":0.00814319276094276,"bolusiob":0}
