{"iob":1.7065092674785187,"activity":0.014995230078563411,"bolusiob":0}
