{"iob":0.6157901862792097,"activity":0.007127548069584736,"bolusiob":0}
