{"iob":1.8209286542222223,"activity":0.0045037037037037025,"bolusiob":1.6137417102222222}
