{"iob":0.17713955469626497,"activity":0.000010279887766554377,"bolusiob":0}
