{"iob":0.3708782175214816,"activity":0.006719326599326601,"bolusiob":0}
