{"iob":0.28764461201382746,"activity":0.018504287317620653,"bolusiob":0}
