{"iob":0.054376934369292494,"activity":0.0027282547250280587,"bolusiob":0}
