{"iob":0.8561650883428371,"activity":0.023529578843995515,"bolusiob":0}
