{"iob":-0.29293406134677363,"activity":-0.0013956614814814815,"bolusiob":0}
