{"iob":1.7919472102400003,"activity":0.011635555555555555,"bolusiob":0.7877147449600002}
