{"iob":4.449378325349136,"activity":0.017869876543209876,"bolusiob":3.2166553422854323}
