{"iob":0.08341563987555556,"activity":-0.0007094612794612796,"bolusiob":0}
