{"iob":1.3201631742933333,"activity":0.024914814814814813,"bolusiob":0}
