{"iob":4.750735898074074,"activity":0.009080134680134678,"bolusiob":4.508877672296296}
