{"iob":-0.1488473737323457,"activity":-0.00011567901234567902,"bolusiob":0}
