{"iob":0.34159760784592597,"activity":-0.0005332435465768799,"bolusiob":0}
