{"iob":0.0557363895078319,"activity":0.003455876116722784,"bolusiob":0}
