{"iob":-0.25043616570113575,"activity":0.0030081144781144787,"bolusiob":0}
