{"iob":0.18980674473283948,"activity":0.0005285185185185186,"bolusiob":0}
