{"iob":0.03277039733333342,"activity":0.0032643097643097643,"bolusiob":0}
