{"iob":1.1905298826666668,"activity":0.024185185185185185,"bolusiob":0}
