{"iob":0.19754586221234569,"activity":0.00023271604938271607,"bolusiob":0}
