{"iob":-0.44836371231069905,"activity":-0.0016684746913580247,"bolusiob":0}
