{"iob":3.2952655277195064,"activity":0.006816790123456789,"bolusiob":3.0265110139891354}
