{"iob":0.07336360147753088,"activity":0.00416270482603816,"bolusiob":0}
