{"iob":-0.28068154996543215,"activity":-0.0015135690235690237,"bolusiob":0}
