{"iob":4.098793464888889,"activity":0.046355555555555546,"bolusiob":0.6748049840000007}
