{"iob":0.7315611460881195,"activity":0.006997052424242426,"bolusiob":0}
