{"iob":0.7341987250251854,"activity":0.0010614814814814816,"bolusiob":0}
