{"iob":0.0815421661155556,"activity":0.0027054994388327723,"bolusiob":0}
