{"iob":0.098948064,"activity":0.00009999999999999999,"bolusiob":0}
