{"iob":1.1963392678065772,"activity":0.02718006535353536,"bolusiob":0}
