{"iob":0.21886449024000004,"activity":0.013869696969696971,"bolusiob":0}
