{"iob":-0.0003428838044444493,"activity":0.005309876543209875,"bolusiob":0}
