{"iob":0.0028897118577777773,"activity":0.00043423120089786766,"bolusiob":0}
