{"iob":0.09415051881876545,"activity":0.00028567901234567906,"bolusiob":0}
