{"iob":-0.00032148202666666404,"activity":-0.00018619528619528625,"bolusiob":0}
