{"iob":0.4953905173333338,"activity":0.012873400673400677,"bolusiob":0}
