{"iob":0.27193263243061727,"activity":0.00281283950617284,"bolusiob":0.05475912547555555}
