{"iob":-0.3202420394659247,"activity":-0.0019178882828282825,"bolusiob":0}
