{"iob":0.10990170424888897,"activity":0.004586307519640853,"bolusiob":0}
