{"iob":-0.4229980757344461,"activity":0.0008347629068462406,"bolusiob":0}
