{"iob":0.18818216800000007,"activity":0.004202020202020202,"bolusiob":0}
