{"iob":0.19953107947309168,"activity":0.00007280444444444445,"bolusiob":0}
