{"iob":0.9943583598617284,"activity":0.0007308641975308641,"bolusiob":0.9823062572246913}
