{"iob":-0.1605870260748838,"activity":0.003564455544332212,"bolusiob":0}
