{"iob":0.1430299239427161,"activity":0.004963344556677889,"bolusiob":0}
