{"iob":0.3537806243315236,"activity":0.007758136363636363,"bolusiob":0}
