{"iob":-0.2397332619303806,"activity":0.005101817620650955,"bolusiob":0}
