{"iob":0.3970221815466667,"activity":0.00031555555555555563,"bolusiob":0}
