{"iob":0.34043832877782837,"activity":-0.004294840404040406,"bolusiob":0}
