{"iob":0.3920005056790124,"activity":0.002864197530864197,"bolusiob":0.14623461777777785}
