{"iob":3.299739006053828,"activity":0.006635617283950619,"bolusiob":2.8748043549708644}
