{"iob":0.14541513941333337,"activity":0.00027111111111111113,"bolusiob":0}
