{"iob":2.410703968,"activity":0.005444444444444444,"bolusiob":2.179115072}
