{"iob":0.060340457493333166,"activity":0.017142087542087542,"bolusiob":0}
