{"iob":0.03984209086841238,"activity":0.0047828277216610555,"bolusiob":0}
