{"iob":6.273152649402922,"activity":0.03513010033670033,"bolusiob":3.8814099729422225}
