{"iob":2.3452317837748144,"activity":0.02201629629629629,"bolusiob":0.5744825985066669}
