{"iob":2.516532411222756,"activity":0.02318949938271605,"bolusiob":0.7943967840000002}
