{"iob":4.041364203520001,"activity":0.02515333333333333,"bolusiob":1.8759709740800006}
