{"iob":0.44838625637147034,"activity":0.014239169023569025,"bolusiob":0.008924544568888937}
