{"iob":1.2906450203733333,"activity":0.005311492704826038,"bolusiob":0.9937928228977776}
