{"iob":0.17729873948444452,"activity":0.003244668911335578,"bolusiob":0}
