{"iob":0.08342016434567903,"activity":0.0004982716049382716,"bolusiob":0}
