{"iob":1.9829624048197532,"activity":0.0018913580246913578,"bolusiob":1.9444596815012345}
