{"iob":0.8910417016373585,"activity":0.009490875488215481,"bolusiob":0}
