{"iob":0.54589236064,"activity":0.019744444444444443,"bolusiob":0}
