{"iob":-0.1880832751549635,"activity":0.009766487093153758,"bolusiob":0}
