{"iob":-0.06663844697283952,"activity":-0.0007181481481481481,"bolusiob":0}
