{"iob":-0.4137135966340741,"activity":-0.0014266666666666668,"bolusiob":0}
