{"iob":5.026060828823703,"activity":0.006636296296296295,"bolusiob":4.8484888299614814}
