{"iob":-0.05692337540666666,"activity":-0.002037199775533109,"bolusiob":0}
