{"iob":3.425049914026667,"activity":0.03185777777777777,"bolusiob":0.8538515814400004}
