{"iob":0.0006011657422222205,"activity":0.0003644219977553312,"bolusiob":0}
