{"iob":0.1420272698666667,"activity":0.00571043771043771,"bolusiob":0}
