{"iob":0.14428884753382717,"activity":0.001285432098765432,"bolusiob":0}
