{"iob":4.871102158222222,"activity":0.03702222222222221,"bolusiob":1.7126888240000007}
