{"iob":0.19785865163456795,"activity":0.0037334904601571267,"bolusiob":0}
