{"iob":3.0557846083634566,"activity":0.020679506172839503,"bolusiob":1.2709360818488893}
