{"iob":-0.24614085270123456,"activity":-0.0002981481481481482,"bolusiob":0}
