{"iob":0.29526097618962965,"activity":0.00037259259259259255,"bolusiob":0}
