{"iob":1.1693216172562961,"activity":0.0021659259259259253,"bolusiob":1.0917271303585185}
