{"iob":4.010824341048889,"activity":0.013250370370370369,"bolusiob":3.2316402335288887}
