{"iob":1.9921605872711114,"activity":0.039300897867564535,"bolusiob":0}
