{"iob":0.9398371288454321,"activity":0.018480920314253645,"bolusiob":0.10838678008888891}
