{"iob":0.3407746479464569,"activity":0.019516385521885518,"bolusiob":0}
