{"iob":-0.15352377765728398,"activity":-0.0014601346801346804,"bolusiob":0}
