{"iob":-0.004896091559814561,"activity":0.0019076823232323237,"bolusiob":0}
