{"iob":-0.10787633896222225,"activity":-0.0024277721661054995,"bolusiob":0}
