{"iob":0.4493953422933333,"activity":0.01888148148148148,"bolusiob":0}
