{"iob":0.04058721294222224,"activity":0.002145230078563412,"bolusiob":0}
