{"iob":1.0300298113422224,"activity":0.006615937149270484,"bolusiob":0}
