{"iob":-0.2751187036237038,"activity":-0.002856167227833895,"bolusiob":0}
