{"iob":1.472774093432099,"activity":0.005061728395061728,"bolusiob":0.7446834678518517}
