{"iob":0.7582959122761229,"activity":0.009376600078563412,"bolusiob":0}
