{"iob":3.5046205751940738,"activity":0.014983703703703702,"bolusiob":2.4183816501096302}
