{"iob":1.930703541104809,"activity":0.014567011391694725,"bolusiob":0.6754288000000002}
