{"iob":2.5171889826601728,"activity":0.02540355414141416,"bolusiob":0.04903134801777787}
