{"iob":2.0942936682666664,"activity":0.02009766554433221,"bolusiob":0.7802748227950619}
