{"iob":1.8333095894755556,"activity":0.0015631200897867565,"bolusiob":1.785630192071111}
