{"iob":0.04761955047111113,"activity":0.0012998877665544334,"bolusiob":0}
