{"iob":0.030825331804444453,"activity":0.0011652076318742985,"bolusiob":0}
