{"iob":-0.09794238318617285,"activity":-0.00014419753086419753,"bolusiob":0}
