{"iob":-0.2884872884565323,"activity":0.0030442814029180694,"bolusiob":0}
