{"iob":0.0010555110933333166,"activity":0.0010410774410774411,"bolusiob":0}
