{"iob":0.006747558322655174,"activity":-0.0020664099326599327,"bolusiob":0}
