{"iob":2.1065813061372842,"activity":0.038062401795735126,"bolusiob":0.40386126735802463}
