{"iob":0.3100144820756345,"activity":0.0022966667901234564,"bolusiob":0}
