{"iob":0.1281596648928395,"activity":0.0006959259259259259,"bolusiob":0}
