{"iob":-0.054750226400000025,"activity":-0.003574915824915825,"bolusiob":0}
