{"iob":0.0032307262577777607,"activity":0.0015160493827160498,"bolusiob":0}
