{"iob":0.46399530922666676,"activity":0.00897104377104377,"bolusiob":0}
