{"iob":3.589956128237037,"activity":0.04745185185185185,"bolusiob":0.3904028714666671}
