{"iob":1.5920335964872638,"activity":0.007439596419753087,"bolusiob":0}
