{"iob":-0.1282531866239169,"activity":-0.0010305388439955107,"bolusiob":0}
