{"iob":1.3069821333333336,"activity":0.030042087542087544,"bolusiob":0}
