{"iob":0.09974621141291484,"activity":0.000035414567901234566,"bolusiob":0}
