{"iob":-0.2546723010610076,"activity":-0.0041967911896745235,"bolusiob":0}
