{"iob":1.0346795964444446,"activity":0.019062850729517397,"bolusiob":-0.0005224364444444962}
