{"iob":0.18028155313777783,"activity":0.0046776655443322105,"bolusiob":0}
