{"iob":-0.14881738322172838,"activity":-0.0001182716049382716,"bolusiob":0}
