{"iob":0.03010715135999966,"activity":0.017842424242424246,"bolusiob":0}
