{"iob":0.2408895607466667,"activity":0.004534680134680134,"bolusiob":0}
