{"iob":0.1423949570044445,"activity":0.0010181986531986533,"bolusiob":0}
