{"iob":-0.06105886211555558,"activity":-0.002746745230078564,"bolusiob":0}
