{"iob":-0.36589949704115643,"activity":0.00347441593714927,"bolusiob":0}
