{"iob":0.5821382547595062,"activity":0.0006350617283950617,"bolusiob":0.4983992135111111}
