{"iob":1.5906025955835437,"activity":0.00836524315375982,"bolusiob":0}
