{"iob":-0.2991941163298766,"activity":-0.0024330864197530866,"bolusiob":0}
