{"iob":0.39722145162759237,"activity":0.0002929745679012346,"bolusiob":0}
