{"iob":2.690130917530864,"activity":0.02078395061728395,"bolusiob":0.922209368888889}
