{"iob":0.15126740223999988,"activity":0.00931111111111111,"bolusiob":0}
