{"iob":-0.006928954026666667,"activity":-0.00028720538720538723,"bolusiob":0}
