{"iob":0.19826104192000057,"activity":0.017244444444444448,"bolusiob":0}
