{"iob":0.4372879644444445,"activity":0.007749719416386083,"bolusiob":0.0007848355555555298}
