{"iob":0.00701700088888868,"activity":0.008849607182940518,"bolusiob":0}
