{"iob":0.08010225653333337,"activity":0.005037037037037038,"bolusiob":0}
