{"iob":0.32025066093827165,"activity":0.0012046913580246912,"bolusiob":0}
