{"iob":0.40432405589333353,"activity":0.006475420875420876,"bolusiob":0.013558260906666765}
