{"iob":-0.5089692838858279,"activity":-0.002486464197530864,"bolusiob":0}
