{"iob":0.4994976955733337,"activity":0.02591784511784512,"bolusiob":0}
