{"iob":0.06926063761777781,"activity":0.0036388552188552194,"bolusiob":0}
