{"iob":0.889473178087153,"activity":0.012747868305274973,"bolusiob":0}
