{"iob":1.9004788961027161,"activity":0.0211879012345679,"bolusiob":0.323660017991111}
