{"iob":-0.025442974560000012,"activity":-0.00040555555555555554,"bolusiob":0}
