{"iob":-0.4667443246696296,"activity":-0.0013640740740740742,"bolusiob":0}
