{"iob":0.15548512388162736,"activity":0.0066862230639730645,"bolusiob":0}
