{"iob":2.849329713777778,"activity":0.0235037037037037,"bolusiob":0.8790431573333336}
