{"iob":-0.09861466741728395,"activity":-0.00012555555555555554,"bolusiob":0}
