{"iob":-0.30128722356345683,"activity":-0.0009614029180695846,"bolusiob":0}
