{"iob":3.7867162570903705,"activity":0.032022962962962954,"bolusiob":1.120235637546667}
