{"iob":0.318650224134321,"activity":0.002220246913580247,"bolusiob":0.12727974414222223}
