{"iob":-0.05079110404668224,"activity":-0.005059932154882155,"bolusiob":0}
