{"iob":0.5355079025365589,"activity":0.007470222570145905,"bolusiob":0}
