{"iob":-0.4027514677906173,"activity":-0.001628765432098765,"bolusiob":0}
