{"iob":-0.04973413511111111,"activity":-0.00003518518518518518,"bolusiob":0}
