{"iob":1.403140444818082,"activity":0.015610664421997756,"bolusiob":0.318235200537284}
