{"iob":0.6948700715772839,"activity":0.0006032098765432097,"bolusiob":0.6835020071980246}
