{"iob":0.6279150318933335,"activity":0.009816835016835017,"bolusiob":0.028911092906666713}
