{"iob":0.030277812426666793,"activity":0.0027139730639730644,"bolusiob":0}
