{"iob":-0.05962960830419754,"activity":-0.000792716049382716,"bolusiob":0}
