{"iob":-0.0344305339870691,"activity":-0.0018409089225589227,"bolusiob":0}
