{"iob":1.4544270278470852,"activity":0.0157432445342312,"bolusiob":0}
