{"iob":-0.00007649507555553826,"activity":0.0012466891133557799,"bolusiob":0}
