{"iob":-0.14885112846129805,"activity":-0.00011146395061728395,"bolusiob":0}
