{"iob":0.07994796810666668,"activity":0.0015023569023569024,"bolusiob":0}
