{"iob":2.5111569450666664,"activity":0.014822222222222223,"bolusiob":1.2441134336}
