{"iob":0.017738613084444455,"activity":0.0010298540965207634,"bolusiob":0}
