{"iob":0.0006942013070403708,"activity":0.0005369888888888889,"bolusiob":0}
