{"iob":0.8259677097600003,"activity":0.018896969696969697,"bolusiob":0}
