{"iob":0.948363726949136,"activity":0.01274469135802469,"bolusiob":0.09811542414222237}
