{"iob":3.3884768249046915,"activity":0.0017797530864197525,"bolusiob":3.365773269396543}
