{"iob":0.02591892021333335,"activity":0.0006693602693602695,"bolusiob":0}
