{"iob":-0.34614225802271603,"activity":-0.0024663973063973068,"bolusiob":0}
