{"iob":0.17897055339708018,"activity":0.0031184846127946127,"bolusiob":0}
