{"iob":3.932432294510617,"activity":0.031563703703703705,"bolusiob":1.3159380289066667}
