{"iob":4.805789338737777,"activity":0.019472592592592586,"bolusiob":3.452985024284445}
