{"iob":2.078808759703704,"activity":0.02501481481481481,"bolusiob":0.29334327733333365}
