{"iob":1.0763845543990356,"activity":0.03646616526374859,"bolusiob":0}
