{"iob":1.2332146945066669,"activity":0.024429629629629628,"bolusiob":0}
