{"iob":0.7484148224869136,"activity":0.0043385185185185185,"bolusiob":0}
