{"iob":0.9977664056888889,"activity":0.00039259259259259255,"bolusiob":0.9936831160888889}
