{"iob":-0.08790778807308644,"activity":-0.00042160493827160495,"bolusiob":0}
