{"iob":0.026631425955555565,"activity":0.0023815937149270485,"bolusiob":0}
