{"iob":0.5032169229511114,"activity":0.013627833894500563,"bolusiob":0}
