{"iob":0.14807455653925927,"activity":0.00017962962962962963,"bolusiob":0}
