{"iob":0.28944527864888925,"activity":0.01887789001122335,"bolusiob":0}
