{"iob":1.7093537560888894,"activity":0.03608799102132436,"bolusiob":0}
