{"iob":1.1411719017600006,"activity":0.020715151515151516,"bolusiob":-0.0003668649599999241}
