{"iob":0.4416292139377778,"activity":0.00824668911335578,"bolusiob":0.0028221756799999497}
