{"iob":3.06756185344,"activity":0.01874666666666667,"bolusiob":1.45681359776}
