{"iob":2.2780372197506185,"activity":0.024282037037037033,"bolusiob":0.41315144135111126}
