{"iob":1.8115440533510303,"activity":0.0034991982716049384,"bolusiob":1.18920446976}
