{"iob":0.012485378879999993,"activity":0.002387878787878788,"bolusiob":0}
