{"iob":0.1585370426251852,"activity":0.0011206172839506173,"bolusiob":0}
