{"iob":1.0076300774400004,"activity":0.0373969696969697,"bolusiob":0}
