{"iob":0.6832303895751213,"activity":0.001085185925925926,"bolusiob":0}
