{"iob":-0.11888359504000003,"activity":-0.003006060606060606,"bolusiob":0}
