{"iob":0.05757030275555551,"activity":0.004721661054994389,"bolusiob":0}
