{"iob":0.10373784769982802,"activity":0.0010328396296296295,"bolusiob":0}
