{"iob":0.8693317980197329,"activity":0.0016698422222222228,"bolusiob":0}
