{"iob":0.2898316172800002,"activity":0.01846868686868687,"bolusiob":0}
