{"iob":-0.1904781357458526,"activity":-0.004355628451178452,"bolusiob":0}
