{"iob":0.7645468595155556,"activity":0.025607687991021328,"bolusiob":0}
