{"iob":0.3416840486400001,"activity":0.017799999999999996,"bolusiob":0}
