{"iob":2.201638583358077,"activity":0.018310741728395058,"bolusiob":0.4870947543466667}
