{"iob":0.7860094816711112,"activity":0.0011614814814814814,"bolusiob":0.7517817560177779}
