{"iob":3.390759785076049,"activity":0.0014810493827160493,"bolusiob":3.1785596017777777}
