{"iob":0.0011583794844448048,"activity":0.014241638608305275,"bolusiob":0}
