{"iob":0.14956338528395063,"activity":0.00006666666666666667,"bolusiob":0}
