{"iob":5.477471651555555,"activity":0.027688888888888884,"bolusiob":3.224735864}
