{"iob":0.5044976586504332,"activity":0.007198636554433223,"bolusiob":0}
