{"iob":0.09888011160493829,"activity":0.00010679012345679012,"bolusiob":0}
