{"iob":1.2186623464691362,"activity":0.02018300785634119,"bolusiob":0.17776247726222222}
