{"iob":3.3124497799901236,"activity":0.009532098765432097,"bolusiob":2.8133515288493824}
