{"iob":-0.6340809846086726,"activity":-0.004222410931537599,"bolusiob":0}
