{"iob":-0.509956683222334,"activity":0.014744713265993267,"bolusiob":0}
