{"iob":0.019024449119999967,"activity":0.006274747474747475,"bolusiob":0}
