{"iob":0.031022693429728604,"activity":0.01608803591470258,"bolusiob":0}
