{"iob":1.170377640585583,"activity":0.00451524814814815,"bolusiob":0}
