{"iob":-0.0973796385817284,"activity":-0.00017975308641975308,"bolusiob":0}
