{"iob":0.3100913619633832,"activity":0.0068083896408529755,"bolusiob":0}
