{"iob":-0.16391131344000004,"activity":-0.00328888888888889,"bolusiob":0}
