{"iob":-0.14887669477925927,"activity":-0.00011703703703703704,"bolusiob":0}
