{"iob":0.22700575736334566,"activity":0.003997310202020202,"bolusiob":0}
