{"iob":0.29035594991407404,"activity":-0.0010159932659932658,"bolusiob":0}
