{"iob":-0.06727301613127495,"activity":0.0026227384511784513,"bolusiob":0}
