{"iob":0.6059109549511112,"activity":0.014334904601571268,"bolusiob":0}
