{"iob":0.1976052880908642,"activity":0.00022913580246913579,"bolusiob":0}
