{"iob":-0.5242032961017283,"activity":-0.003260482603815938,"bolusiob":0}
