{"iob":0.14506824591972933,"activity":0.0055407963524130195,"bolusiob":0}
