{"iob":-0.0731349873405091,"activity":-0.0021979796296296298,"bolusiob":0}
