{"iob":0.596748351209222,"activity":0.007863482861952861,"bolusiob":0}
