{"iob":1.0796034276977777,"activity":0.018380583613916947,"bolusiob":0.1811755978666667}
