{"iob":0.24443200000000004,"activity":0.0031111111111111114,"bolusiob":0.02964720000000001}
