{"iob":4.4407057389333335,"activity":0.003923232323232323,"bolusiob":4.3169394304}
