{"iob":0.2939339248222438,"activity":0.006130583164983166,"bolusiob":0}
