{"iob":0.006850115366666684,"activity":0.0012285353535353538,"bolusiob":0}
