{"iob":0.46402051642916936,"activity":-0.0007099150392817068,"bolusiob":0}
