{"iob":2.285791317807407,"activity":0.01808148148148148,"bolusiob":0.7550084949333336}
