{"iob":0.08281192547555558,"activity":0.0005081481481481481,"bolusiob":0}
