{"iob":2.4475161889185184,"activity":0.01580740740740741,"bolusiob":1.0834657482666668}
