{"iob":-0.40682674736458646,"activity":0.011818069090909085,"bolusiob":0}
