{"iob":0.3375352920982055,"activity":0.010452256026936026,"bolusiob":0}
