{"iob":0.6770609627399252,"activity":0.0013673464197530862,"bolusiob":0}
