{"iob":-0.06497069753009407,"activity":0.001716582435465769,"bolusiob":0}
