{"iob":0.23273853456899476,"activity":0.007850167676767678,"bolusiob":0}
