{"iob":0.1234043521777778,"activity":0.002008136924803592,"bolusiob":0}
