{"iob":0.3967493625995061,"activity":0.0025865095398428725,"bolusiob":0}
