{"iob":0.2291656933377418,"activity":-0.00027693823793490465,"bolusiob":0}
