{"iob":0.060143721442990204,"activity":0.006725476430976433,"bolusiob":0}
