{"iob":0.07737157430996044,"activity":0.0037755327721661056,"bolusiob":0}
