{"iob":1.6166674336747218,"activity":0.013318139416386083,"bolusiob":0.4149283067733334}
