{"iob":-0.09972125046238052,"activity":-0.000038624444444444445,"bolusiob":0}
