{"iob":3.2079349722864197,"activity":0.012116049382716048,"bolusiob":2.4125200135901235}
