{"iob":0.6270650965333333,"activity":0.011471380471380471,"bolusiob":-0.0003302405333332481}
