{"iob":0.18292135848197533,"activity":0.0011460998877665545,"bolusiob":0}
