{"iob":2.4783047028306173,"activity":0.021927901234567896,"bolusiob":0.6773817412977782}
