{"iob":-0.45519644476543214,"activity":-0.0011251234567901222,"bolusiob":0}
