{"iob":0.00018568266666666445,"activity":0.0006599326599326601,"bolusiob":0}
