{"iob":0.020696591751110868,"activity":0.022436924803591468,"bolusiob":0}
