{"iob":0.9454785041066667,"activity":0.006808888888888887,"bolusiob":0.3602594777600001}
