{"iob":0.3829375616197532,"activity":0.007408619528619529,"bolusiob":0}
