{"iob":0.13232560948148148,"activity":0.0006237037037037037,"bolusiob":0}
