{"iob":-0.37777587104592597,"activity":-0.0009662962962962964,"bolusiob":0}
