{"iob":2.1639159041394467,"activity":0.017851235308641977,"bolusiob":0.2948169848888888}
