{"iob":-0.19832400173333337,"activity":-0.000169320987654321,"bolusiob":0}
