{"iob":0.005322154773333327,"activity":0.000828956228956229,"bolusiob":0}
