{"iob":-0.18210180199506176,"activity":-0.002348462401795735,"bolusiob":0}
