{"iob":0.6632155968224687,"activity":0.0048392602469135805,"bolusiob":0}
