{"iob":0.13917548161580248,"activity":0.0004766666666666667,"bolusiob":0}
