{"iob":0.6216589303466669,"activity":0.01606195286195286,"bolusiob":0}
