{"iob":0.08790603536619018,"activity":0.007274971380471378,"bolusiob":0}
