{"iob":1.6274396855723465,"activity":0.014538226711560045,"bolusiob":0}
