{"iob":0.023483470222222434,"activity":0.016856341189674523,"bolusiob":0}
