{"iob":0.5951970852622223,"activity":0.013508866442199776,"bolusiob":0}
