{"iob":-0.045384358716049386,"activity":-0.00018271604938271605,"bolusiob":0}
