{"iob":-0.08964842592,"activity":-0.0018156116722783389,"bolusiob":0}
