{"iob":0.7607779008000001,"activity":0.00591111111111111,"bolusiob":0}
