{"iob":5.281698370370371,"activity":0.02518518518518518,"bolusiob":3.297302666666668}
