{"iob":-0.000006841653333339304,"activity":0.0004801346801346803,"bolusiob":0}
