{"iob":3.466036184983704,"activity":0.03587629629629629,"bolusiob":0.6969581917866666}
