{"iob":0.7178710000000001,"activity":0.02111111111111111,"bolusiob":0}
