{"iob":-0.0927143285938272,"activity":-0.0023294781144781148,"bolusiob":0}
