{"iob":1.4310759196800003,"activity":0.010652098765432098,"bolusiob":0.5506451398400002}
