{"iob":1.5570225440000005,"activity":0.04164646464646465,"bolusiob":0}
