{"iob":-0.4779766184108064,"activity":-0.0023233339506172836,"bolusiob":0}
