{"iob":0.32357593572203963,"activity":0.0010660497530864197,"bolusiob":0}
