{"iob":0.7424825397866667,"activity":0.02006510662177329,"bolusiob":0}
