{"iob":0.28335609054365996,"activity":0.0008127162962962962,"bolusiob":0}
