{"iob":0.21524146759111115,"activity":0.0033005611672278345,"bolusiob":0.012344106808888889}
