{"iob":0.22237791711999996,"activity":0.0076471380471380464,"bolusiob":0}
