{"iob":0.014154185173333132,"activity":0.011959259259259261,"bolusiob":0}
