{"iob":-0.17906272797288705,"activity":0.000998400493827161,"bolusiob":0}
