{"iob":2.3759719304533333,"activity":0.05094309764309764,"bolusiob":0}
