{"iob":1.2652375333333339,"activity":0.020244107744107745,"bolusiob":0.04300746666666688}
