{"iob":-0.00011817557333335671,"activity":0.0025750841750841755,"bolusiob":0}
