{"iob":0.41918362933333353,"activity":0.01859259259259259,"bolusiob":0}
