{"iob":1.6915052559999997,"activity":0.042565656565656564,"bolusiob":0}
