{"iob":0.26880676570666673,"activity":0.006204713804713806,"bolusiob":0}
