{"iob":0.2019504277333335,"activity":0.01488552188552189,"bolusiob":0}
