{"iob":1.6778897644720994,"activity":0.013238024691358022,"bolusiob":0.5565325223822224}
