{"iob":0.11873044788148149,"activity":0.0008429629629629629,"bolusiob":0}
