{"iob":0.13413691849816875,"activity":0.0005865433333333334,"bolusiob":0}
