{"iob":0.048199497489382716,"activity":0.00010938271604938273,"bolusiob":0}
