{"iob":3.369840927841975,"activity":0.007795061728395061,"bolusiob":3.031334946923457}
