{"iob":1.0139786008888891,"activity":0.018950617283950616,"bolusiob":0.00016069244444416597}
