{"iob":0.4529865365333334,"activity":0.01046127946127946,"bolusiob":0}
