{"iob":1.126709212638025,"activity":0.005752727272727273,"bolusiob":0}
