{"iob":0.12614640462222224,"activity":0.0007311111111111112,"bolusiob":0}
