{"iob":0.36351865333333344,"activity":0.009865319865319865,"bolusiob":0}
