{"iob":0.15876096056000003,"activity":0.0008296464646464648,"bolusiob":0}
