{"iob":2.919228351514074,"activity":0.004421492704826038,"bolusiob":2.784280576474074}
