{"iob":-0.19080809391051848,"activity":0.003505959595959597,"bolusiob":0}
