{"iob":1.3248128761679017,"activity":0.026866172839506177,"bolusiob":0.014029383182222223}
