{"iob":3.8236990059614815,"activity":0.03982222222222221,"bolusiob":1.0806609654755561}
