{"iob":0.6553117245116049,"activity":0.005625162738496072,"bolusiob":0}
