{"iob":0.7730989150920036,"activity":0.002956667654320988,"bolusiob":0}
