{"iob":0.00001055761777777331,"activity":-0.0001592031425364759,"bolusiob":0}
