{"iob":-0.09974245174865409,"activity":-0.00003590839506172839,"bolusiob":0}
