{"iob":0.30113939491555575,"activity":0.02149034792368126,"bolusiob":0}
