{"iob":-0.12048855008000003,"activity":-0.004875757575757576,"bolusiob":0}
