{"iob":0.1212175500075309,"activity":0.002200909090909091,"bolusiob":0}
