{"iob":-0.42564100250792575,"activity":0.0027850332210998885,"bolusiob":0}
