{"iob":-0.5090443636041693,"activity":-0.00165925987654321,"bolusiob":0}
