{"iob":0.2793186080000001,"activity":0.004737373737373738,"bolusiob":0.0031342720000000043}
