{"iob":0.00020901066666654253,"activity":0.002321548821548822,"bolusiob":0}
