{"iob":0.46647439178271605,"activity":0.0015382716049382713,"bolusiob":0.3761535315753087}
