{"iob":0.7890258004015942,"activity":0.015481920695847364,"bolusiob":0}
