{"iob":0.12025677216000025,"activity":0.018589898989898993,"bolusiob":0}
