{"iob":3.702468591407407,"activity":0.029605387205387204,"bolusiob":1.288765909333333}
