{"iob":-0.41254181698567904,"activity":-0.002621975308641976,"bolusiob":0}
