{"iob":2.2172174632634083,"activity":0.015744644444444435,"bolusiob":0.4722833607822226}
