{"iob":0.34017387523339015,"activity":0.015966553872053868,"bolusiob":0}
