{"iob":0.22030357244444437,"activity":0.013052749719416386,"bolusiob":0}
