{"iob":0.5751070488000002,"activity":0.0074642424242424244,"bolusiob":0}
