{"iob":0.8319039467733333,"activity":0.023869360269360273,"bolusiob":0}
