{"iob":1.415859707946667,"activity":0.03476700336700336,"bolusiob":0}
