{"iob":3.781825946737778,"activity":0.03517629629629629,"bolusiob":0.9427944545066671}
