{"iob":-0.0051238067151508845,"activity":0.002426453367003367,"bolusiob":0}
