{"iob":0.07129805511111101,"activity":0.006222783389450056,"bolusiob":0}
