{"iob":-0.0015334838755553637,"activity":0.022264197530864203,"bolusiob":0}
