{"iob":4.0121370605037034,"activity":0.042948148148148145,"bolusiob":0.7497467605333341}
