{"iob":0.8761199873738272,"activity":0.004148641975308641,"bolusiob":0.027569098666666705}
