{"iob":0.06642802748444472,"activity":0.012407631874298542,"bolusiob":0}
