{"iob":2.315386912426667,"activity":0.012426666666666664,"bolusiob":1.2790734230400005}
