{"iob":0.020270787093332875,"activity":0.012248148148148143,"bolusiob":0}
