{"iob":1.00206785536,"activity":0.02839191919191919,"bolusiob":0}
