{"iob":0.7519130068799998,"activity":0.016749494949494948,"bolusiob":0}
