{"iob":-0.17032657895317377,"activity":-0.0004199382042648709,"bolusiob":0}
