{"iob":0.2738164492923455,"activity":0.004984371616161618,"bolusiob":0}
