{"iob":2.8105740873440457,"activity":0.007341112098765431,"bolusiob":1.7600792337540743}
