{"iob":0.23350446563555555,"activity":0.0021032547699214366,"bolusiob":0}
