{"iob":1.999968697173333,"activity":0.025837777777777775,"bolusiob":0.23252316735999987}
