{"iob":0.6820929991822223,"activity":0.015454320987654322,"bolusiob":0}
