{"iob":0.22266644000258587,"activity":0.008619690796857465,"bolusiob":0}
