{"iob":0.4598455136251749,"activity":0.007973650673400674,"bolusiob":0}
