{"iob":0.0184506920888885,"activity":0.012852974186307518,"bolusiob":0}
