{"iob":-0.2825973434571852,"activity":-0.0013618294051627384,"bolusiob":0}
