{"iob":0.049171127111111115,"activity":0.00007037037037037036,"bolusiob":0}
