{"iob":-0.030852723728805834,"activity":-0.004081469865319865,"bolusiob":0}
