{"iob":0.75087251456,"activity":0.0023466666666666666,"bolusiob":0.6191357542400001}
