{"iob":0.28622261818772315,"activity":-0.002730726374859708,"bolusiob":0}
