{"iob":2.840179466682469,"activity":0.01689086419753086,"bolusiob":1.3944600559644447}
