{"iob":0.1895014165333334,"activity":0.00844107744107744,"bolusiob":0}
