{"iob":0.19947897664476535,"activity":0.00008013481481481481,"bolusiob":0}
