{"iob":0.5626972722488892,"activity":0.024385970819304152,"bolusiob":0}
