{"iob":0.8646829891713581,"activity":0.01768040404040404,"bolusiob":0.18789313080888892}
