{"iob":0.14229661212444472,"activity":0.02943591470258137,"bolusiob":0}
