{"iob":-0.013391145617777784,"activity":-0.000337598204264871,"bolusiob":0}
