{"iob":0.8117615750289688,"activity":0.02327583956228956,"bolusiob":0}
