{"iob":0.09861111935111111,"activity":0.00012574074074074074,"bolusiob":0}
