{"iob":0.00019381429333332757,"activity":0.0006612794612794613,"bolusiob":0}
