{"iob":2.5008258668035572,"activity":0.04047072345679013,"bolusiob":0.005701779306666088}
