{"iob":1.2147066129083703,"activity":0.025075847732884404,"bolusiob":0}
