{"iob":-0.04913835997234568,"activity":-0.00007197530864197531,"bolusiob":0}
