{"iob":0.2360671208036842,"activity":0.007594359988776657,"bolusiob":0}
