{"iob":0.3473141596870293,"activity":0.0002824695061728395,"bolusiob":0}
