{"iob":0.45160851673943453,"activity":0.007100017025813692,"bolusiob":0}
