{"iob":0.8695490828263488,"activity":0.009819349551066217,"bolusiob":0}
