{"iob":-0.4323203313728396,"activity":-0.002123024691358025,"bolusiob":0}
