{"iob":5.107983403504197,"activity":0.011633827160493824,"bolusiob":4.609498666461235}
