{"iob":0.3764352615466667,"activity":0.004324040404040405,"bolusiob":0}
