{"iob":0.5756990261728396,"activity":0.0081358024691358,"bolusiob":0.05075070222222233}
