{"iob":0.08333316522666667,"activity":0.00432053872053872,"bolusiob":0}
