{"iob":0.0043473613008206515,"activity":0.0016823951739618408,"bolusiob":0}
