{"iob":0.0006090167466666241,"activity":0.0013791245791245788,"bolusiob":0}
