{"iob":0.2320953901530865,"activity":0.0039397755331088665,"bolusiob":0}
