{"iob":1.1992493226666667,"activity":0.00017777777777777773,"bolusiob":1.1981825706666667}
