{"iob":0.37358763798024697,"activity":0.0012095061728395061,"bolusiob":0}
