{"iob":0.1236505387733337,"activity":0.016394612794612795,"bolusiob":0}
