{"iob":1.133626398898864,"activity":0.007817285432098765,"bolusiob":0}
