{"iob":4.972510091883456,"activity":0.015599012345679009,"bolusiob":4.094042102644938}
