{"iob":0.09516261258271605,"activity":0.0002550617283950617,"bolusiob":0}
