{"iob":0.21832634453333344,"activity":0.026915824915824917,"bolusiob":0}
