{"iob":-0.09976336835950618,"activity":-0.000036296296296296295,"bolusiob":0}
