{"iob":-0.3311981264280078,"activity":-0.004608804837261504,"bolusiob":0}
