{"iob":0.0005176156088888773,"activity":0.00036677890011223356,"bolusiob":0}
