{"iob":0.38538040501107396,"activity":0.005912403557800224,"bolusiob":0}
