{"iob":0.040271770617835996,"activity":0.0033049379349046016,"bolusiob":0}
