{"iob":0.7617486118044448,"activity":0.035107631874298544,"bolusiob":0}
