{"iob":0.010219484000000011,"activity":0.001815656565656566,"bolusiob":0}
