{"iob":4.069824862814815,"activity":0.028207407407407403,"bolusiob":1.6377383386666666}
