{"iob":0.03589194140444444,"activity":0.0003292592592592593,"bolusiob":0}
