{"iob":0.5693555044661728,"activity":0.003714320987654321,"bolusiob":0.24874354872888882}
