{"iob":0.9490617326288647,"activity":0.015970101997755334,"bolusiob":0}
