{"iob":-0.09970099482864198,"activity":-0.000043950617283950617,"bolusiob":0}
