{"iob":0.20967100755654322,"activity":0.0014808249158249158,"bolusiob":0}
