{"iob":-0.19892514257777777,"activity":-0.0013348260381593718,"bolusiob":0}
