{"iob":0.0585333093806718,"activity":-0.00171220101010101,"bolusiob":0}
