{"iob":1.3801589981234568,"activity":0.0017975308641975303,"bolusiob":1.3326204902716048}
