{"iob":1.1665175247644448,"activity":0.009126846240179572,"bolusiob":0}
