{"iob":0.33912212842666667,"activity":0.0032203367003367,"bolusiob":0.06186037504000006}
