{"iob":-0.007839193031111125,"activity":-0.0015955106621773293,"bolusiob":0}
