{"iob":3.587028296326287,"activity":0.0015395418518518518,"bolusiob":3.1852381424197533}
