{"iob":2.8768716084498953,"activity":0.009686690112233446,"bolusiob":1.5603579062400001}
