{"iob":0.20009954215111156,"activity":0.020032884399551074,"bolusiob":0}
