{"iob":4.261473646728642,"activity":0.038292283950617276,"bolusiob":1.566409896675556}
