{"iob":-0.04973848113777778,"activity":-0.00003481481481481482,"bolusiob":0}
