{"iob":1.051469014995164,"activity":0.006794075555555555,"bolusiob":0}
