{"iob":0.2626280980977779,"activity":0.01880426487093154,"bolusiob":0}
