{"iob":-0.42897342912,"activity":-0.0009882716049382716,"bolusiob":0}
