{"iob":0.4919831671474576,"activity":0.00629272,"bolusiob":0}
