{"iob":-0.04974279424,"activity":-0.00003444444444444445,"bolusiob":0}
