{"iob":4.939429920853333,"activity":0.01035111111111111,"bolusiob":4.526732611413333}
