{"iob":0.037105003450628705,"activity":0.004082365824915825,"bolusiob":0}
