{"iob":0.04629638428444425,"activity":0.011285409652076316,"bolusiob":0}
