{"iob":0.008600544817777778,"activity":0.0008971941638608305,"bolusiob":0}
