{"iob":0.7423703760983521,"activity":0.003577902222222223,"bolusiob":0}
