{"iob":-0.1488536746183351,"activity":-0.0001113404938271605,"bolusiob":0}
