{"iob":1.447955532246914,"activity":0.020253086419753083,"bolusiob":0.13203785244444488}
