{"iob":0.04071744256000001,"activity":0.003781818181818182,"bolusiob":0}
