{"iob":0.4450182862222223,"activity":0.0052629629629629615,"bolusiob":0.06564820266666672}
