{"iob":0.8794314489600004,"activity":0.026033670033670034,"bolusiob":0.0028173455644443734}
