{"iob":0.19165418661346267,"activity":0.004721436251402918,"bolusiob":0}
