{"iob":0.22191064892444445,"activity":0.000658641975308642,"bolusiob":0}
