{"iob":-0.12235299601058001,"activity":0.0014910044332210998,"bolusiob":0}
