{"iob":7.145018153495856,"activity":0.015811761391694722,"bolusiob":6.77718188032}
