{"iob":1.1877782706251852,"activity":0.0012651851851851847,"bolusiob":1.1595483251674075}
