{"iob":0.6206850366149932,"activity":0.007309758193041526,"bolusiob":0}
