{"iob":-0.06566031592647287,"activity":-0.0030180131874298546,"bolusiob":0}
