{"iob":6.074056263395556,"activity":0.013751111111111108,"bolusiob":5.487906461582222}
