{"iob":0.9673244269511113,"activity":0.016425476992143657,"bolusiob":0.025072332444444522}
