{"iob":0.0037672106666665427,"activity":0.01621548821548821,"bolusiob":0}
