{"iob":-0.0027118293197698692,"activity":-0.0025916672278338943,"bolusiob":0}
