{"iob":0.38927566737080144,"activity":0.0073941577441077435,"bolusiob":0}
