{"iob":-0.350127692582321,"activity":-0.002329876543209877,"bolusiob":0}
