{"iob":2.8121843092532575,"activity":0.013591336812570144,"bolusiob":1.1612713090844442}
