{"iob":0.09951165422222241,"activity":0.011366442199775536,"bolusiob":0}
