{"iob":1.7842995898943208,"activity":0.015591144781144775,"bolusiob":0}
