{"iob":0.2959578683032569,"activity":0.007384062289562289,"bolusiob":0}
