{"iob":0.04965187185777759,"activity":0.006256790123456789,"bolusiob":0}
