{"iob":0.32107540357728404,"activity":0.0019148821548821552,"bolusiob":0}
