{"iob":0.0765489167962881,"activity":0.005724241975308643,"bolusiob":0}
