{"iob":0.5953819810890483,"activity":0.009600090404040406,"bolusiob":0}
