{"iob":-0.14734081408237326,"activity":-0.0026436730976430976,"bolusiob":0}
