{"iob":0.28177842036936407,"activity":0.0018498769135802467,"bolusiob":0}
