{"iob":-0.07870520000000003,"activity":-0.0027020202020202025,"bolusiob":0}
