{"iob":-0.06678492549675408,"activity":0.0033318942199775537,"bolusiob":0}
