{"iob":0.40565582396099203,"activity":0.007430625039281704,"bolusiob":0}
