{"iob":0.3359541222873256,"activity":0.0008009880246913581,"bolusiob":0}
