{"iob":0.7857763406617284,"activity":0.0036807407407407405,"bolusiob":0}
