{"iob":0.33514598320103023,"activity":0.008626374186307519,"bolusiob":0}
