{"iob":1.9154089722172838,"activity":0.0034022446689113356,"bolusiob":1.8957183589135802}
