{"iob":-0.04915103588345679,"activity":-0.00007135802469135802,"bolusiob":0}
