{"iob":-0.19827980752592594,"activity":-0.0001723456790123457,"bolusiob":0}
