{"iob":1.0385535376987656,"activity":0.02302973063973064,"bolusiob":0}
