{"iob":0.043437335111111114,"activity":0.00022037037037037037,"bolusiob":0}
