{"iob":0.0069861123911111106,"activity":0.000499551066217733,"bolusiob":0}
