{"iob":1.7096436416158027,"activity":0.01356839506172839,"bolusiob":0.44646149742617297}
