{"iob":0.33598072524941147,"activity":0.0008001238271604939,"bolusiob":0}
