{"iob":0.19441600690567903,"activity":0.0003772839506172839,"bolusiob":0}
