{"iob":0.06621435442210827,"activity":0.0017817002918069588,"bolusiob":0}
