{"iob":0.2540726222222227,"activity":0.023235129068462413,"bolusiob":0}
