{"iob":0.5806003138628648,"activity":0.0010723816049382714,"bolusiob":0}
