{"iob":0.10423053148444429,"activity":0.010279012345679014,"bolusiob":0}
