{"iob":0.3777476912000002,"activity":0.009964646464646464,"bolusiob":0}
