{"iob":0.01953870140444447,"activity":0.0030254769921436585,"bolusiob":0}
