{"iob":6.987326400734478,"activity":0.02066545387205387,"bolusiob":6.330854526324938}
