{"iob":0.013597133298251365,"activity":-0.001585109652076319,"bolusiob":0}
