{"iob":5.9179019448888885,"activity":0.018355555555555552,"bolusiob":4.893987939555555}
