{"iob":1.0436594429901374,"activity":0.021478226262626264,"bolusiob":0}
