{"iob":0.006718094844444445,"activity":0.0019046015712682381,"bolusiob":0}
