{"iob":0.35801852256,"activity":0.001551212121212121,"bolusiob":0}
