{"iob":3.787786005491358,"activity":0.010834567901234568,"bolusiob":3.2233802530765434}
