{"iob":0.2335775456792682,"activity":0.023326299360269365,"bolusiob":0}
