{"iob":0.012279375253333348,"activity":0.0005592592592592593,"bolusiob":0}
