{"iob":3.0860807985777776,"activity":0.014596296296296295,"bolusiob":1.9419299498666671}
