{"iob":0.8221933669135802,"activity":0.005172839506172838,"bolusiob":0.3764744355555557}
