{"iob":1.5427780382024696,"activity":0.027692031425364756,"bolusiob":0.16696144177777805}
