{"iob":1.5572059899891362,"activity":0.03566509539842873,"bolusiob":0.22350647822222228}
