{"iob":0.16863310581333305,"activity":0.02095622895622896,"bolusiob":0}
