{"iob":-0.025421345546666658,"activity":-0.0008986531986531987,"bolusiob":0}
