{"iob":0.3648815313713637,"activity":0.013430751515151516,"bolusiob":0.001122720142222189}
