{"iob":2.1061739673600006,"activity":0.03723636363636364,"bolusiob":0.0044824934400001125}
