{"iob":0.31218835870769374,"activity":0.0016589339057239054,"bolusiob":0}
