{"iob":0.4068765746055697,"activity":-0.0023706915375982045,"bolusiob":0}
