{"iob":0.7168755662933337,"activity":0.021103703703703704,"bolusiob":0}
