{"iob":0.45215796266666636,"activity":0.018907407407407407,"bolusiob":0}
