{"iob":1.0642186184888895,"activity":0.027486307519640853,"bolusiob":0.028967818880000017}
