{"iob":-0.0002828413866666657,"activity":-0.0005127946127946129,"bolusiob":0}
