{"iob":0.5559619770958018,"activity":0.0015371894163860823,"bolusiob":0}
