{"iob":0.1341483579417284,"activity":0.0005862962962962963,"bolusiob":0}
