{"iob":0.6266443761069735,"activity":0.02614895540965208,"bolusiob":0}
