{"iob":2.657635798355354,"activity":0.029467431335578005,"bolusiob":0.7343283884444447}
