{"iob":3.8698181837274075,"activity":0.003476296296296296,"bolusiob":3.8024498975762966}
