{"iob":0.2559475706666667,"activity":0.005149831649831649,"bolusiob":0}
