{"iob":0.6026838391111112,"activity":0.016419753086419756,"bolusiob":0}
