{"iob":0.09755336990024692,"activity":0.00017604938271604937,"bolusiob":0}
