{"iob":1.7280740013866667,"activity":0.0054837710437710425,"bolusiob":1.4553644313600003}
