{"iob":-0.44102847157125,"activity":-0.0006393750000000001,"bolusiob":0}
