{"iob":-0.2776803041213315,"activity":0.0006875475196408529,"bolusiob":0}
