{"iob":0.14878842511835005,"activity":0.00012276098765432098,"bolusiob":0}
