{"iob":-0.00004237228444444741,"activity":-0.00016924803591470263,"bolusiob":0}
