{"iob":1.1007177075555559,"activity":0.01941358024691358,"bolusiob":0.00273278577777758}
