{"iob":1.0402368326954061,"activity":0.006963985645342313,"bolusiob":0}
