{"iob":1.179782110577778,"activity":0.025163860830527497,"bolusiob":0}
