{"iob":0.33773258612938273,"activity":0.000660246913580247,"bolusiob":0}
