{"iob":0.18989252480000002,"activity":0.0005259259259259259,"bolusiob":0}
