{"iob":2.3684923434666674,"activity":0.04512457912457912,"bolusiob":0}
