{"iob":0.054203224584695696,"activity":0.004876001459034792,"bolusiob":0}
