{"iob":0.06840154748444446,"activity":0.0014359147025813693,"bolusiob":0}
