{"iob":0.062391006151111136,"activity":0.0025712682379349042,"bolusiob":0}
