{"iob":5.6214875175822225,"activity":0.02499777777777777,"bolusiob":3.7526152543288895}
