{"iob":0.09605519792987655,"activity":0.00023012345679012343,"bolusiob":0}
