{"iob":0.6221939082666667,"activity":0.018962962962962963,"bolusiob":0}
