{"iob":0.2682054946488893,"activity":0.0250307519640853,"bolusiob":0}
