{"iob":0.8891339206320988,"activity":0.0038345679012345675,"bolusiob":0}
