{"iob":0.6790655132176681,"activity":0.015159700269360267,"bolusiob":0}
