{"iob":0.38413159619851855,"activity":0.0009092592592592593,"bolusiob":0}
