{"iob":1.8834062826666669,"activity":0.018433333333333333,"bolusiob":0.425229024}
