{"iob":3.3714744143745667,"activity":0.03864816428731762,"bolusiob":0.4972413399822226}
