{"iob":0.0728852717817284,"activity":0.000644753086419753,"bolusiob":0}
