{"iob":0.2784413317728396,"activity":0.0037632996632996634,"bolusiob":0}
