{"iob":0.34737009471474284,"activity":0.0002781485185185185,"bolusiob":0}
