{"iob":0.16678049421432095,"activity":0.005688035914702582,"bolusiob":0}
