{"iob":0.0005170682266666615,"activity":0.0005264309764309766,"bolusiob":0}
