{"iob":3.706236899930599,"activity":0.012344054814814816,"bolusiob":1.9275423087407408}
