{"iob":-0.21967662906065408,"activity":-0.004114334085297419,"bolusiob":0}
