{"iob":-0.13240462448987655,"activity":-0.0004095061728395062,"bolusiob":0}
