{"iob":2.3668382081215635,"activity":0.019504333445566784,"bolusiob":0.47847235264}
