{"iob":1.0064129851170434,"activity":0.009935690987654318,"bolusiob":0}
