{"iob":0.9702332320395063,"activity":0.00721391694725028,"bolusiob":0}
