{"iob":-0.14100101093026357,"activity":-0.0013846129180695847,"bolusiob":0}
