{"iob":1.2486788096474075,"activity":0.02570976430976431,"bolusiob":-0.00013468615111147388}
