{"iob":0.049133264,"activity":0.00007222222222222222,"bolusiob":0}
