{"iob":0.09091956992000001,"activity":0.00036222222222222217,"bolusiob":0}
