{"iob":0.9421241586883953,"activity":0.008451604938271604,"bolusiob":0.2511748909511113}
