{"iob":0.12997738417777782,"activity":0.003325476992143659,"bolusiob":0}
