{"iob":-0.04539018268444445,"activity":-0.00018259259259259257,"bolusiob":0}
