{"iob":0.09800221787654323,"activity":0.00015679012345679011,"bolusiob":0}
