{"iob":0.3429343840000003,"activity":0.011141414141414143,"bolusiob":0}
