{"iob":0.019459420168491323,"activity":0.0016425363075196408,"bolusiob":0}
