{"iob":0.008558519128888876,"activity":0.0026130751964085295,"bolusiob":0}
