{"iob":0.004671694328888476,"activity":0.012673849607182945,"bolusiob":0}
