{"iob":0.0008787880381341373,"activity":0.000700368686868687,"bolusiob":0}
