{"iob":0.3284873427911115,"activity":0.023072278338945006,"bolusiob":0}
