{"iob":0.41388095552,"activity":0.026204040404040403,"bolusiob":0}
