{"iob":0.401031086328889,"activity":0.020148597081930415,"bolusiob":0}
