{"iob":0.39478730821234576,"activity":0.00042179012345679016,"bolusiob":0}
