{"iob":1.022064434783246,"activity":0.015519386913580246,"bolusiob":0}
