{"iob":1.3507161182840666,"activity":0.006266846419753085,"bolusiob":0}
