{"iob":-0.5098727140335804,"activity":-0.0025429012345679013,"bolusiob":0}
