{"iob":0.05664244296691359,"activity":0.000822716049382716,"bolusiob":0}
