{"iob":0.08300157736506265,"activity":0.00490106571268238,"bolusiob":0}
