{"iob":-0.2828209909945679,"activity":-0.0032401683501683508,"bolusiob":0}
