{"iob":1.1979312913066664,"activity":0.00039111111111111106,"bolusiob":1.1943327812266666}
