{"iob":0.8723088888888896,"activity":0.029834455667789007,"bolusiob":0}
