{"iob":1.2809920932977779,"activity":0.0048948148148148145,"bolusiob":0.9566030825244443}
