{"iob":0.5707354467578495,"activity":0.007326761560044894,"bolusiob":0}
