{"iob":3.227230129493333,"activity":0.005475555555555554,"bolusiob":3.045427141973333}
