{"iob":1.6752975487683952,"activity":0.011034197530864195,"bolusiob":0.8858855206400003}
