{"iob":0.0006149743999995683,"activity":0.03154545454545454,"bolusiob":0}
