{"iob":1.8391043832414815,"activity":0.027442962962962957,"bolusiob":0.1341450657066672}
