{"iob":1.7065343521679437,"activity":0.011559709427609427,"bolusiob":0.15349412515555558}
