{"iob":0.058818847289578195,"activity":0.004583332828282829,"bolusiob":0}
