{"iob":6.24047760896,"activity":0.006346666666666665,"bolusiob":6.10422493184}
