{"iob":1.0118331821511113,"activity":0.014884444444444441,"bolusiob":0.07770908416000007}
