{"iob":0.06751148800000024,"activity":0.010383838383838384,"bolusiob":0}
