{"iob":-0.1967989977125926,"activity":-0.0002502469135802469,"bolusiob":0}
