{"iob":0.08006125026777779,"activity":0.0015100729517396184,"bolusiob":0}
