{"iob":0.2541927783409263,"activity":0.0022103087654320986,"bolusiob":0}
