{"iob":-0.3618748238117684,"activity":-0.0038504105836139166,"bolusiob":0}
