{"iob":0.1283178636800001,"activity":0.009942087542087545,"bolusiob":0}
