{"iob":0.08723315888987655,"activity":0.000434320987654321,"bolusiob":0}
