{"iob":-0.09969672928395062,"activity":-0.000044444444444444447,"bolusiob":0}
