{"iob":-0.04995536908641976,"activity":-0.000009876543209876543,"bolusiob":0}
