{"iob":-0.4407582297777779,"activity":-0.0033586419753086415,"bolusiob":0}
