{"iob":2.31049778752,"activity":0.03994141414141414,"bolusiob":0.014496822079999581}
