{"iob":-0.14920449493353782,"activity":-0.00009680148148148146,"bolusiob":0}
