{"iob":-0.3685154179209204,"activity":-0.0026311561279461285,"bolusiob":0}
