{"iob":-0.016166414915555555,"activity":-0.000355331088664422,"bolusiob":0}
