{"iob":-0.29372171709629635,"activity":-0.0011467452300785636,"bolusiob":0}
