{"iob":0.194038023308642,"activity":0.0003623456790123457,"bolusiob":0}
