{"iob":0.35483199361580253,"activity":0.0016276543209876543,"bolusiob":0.2301798713520988}
