{"iob":0.49016473422222206,"activity":0.01558361391694725,"bolusiob":0}
