{"iob":0.23858136177777778,"activity":0.007973625140291806,"bolusiob":0}
