{"iob":3.2138565171200004,"activity":0.009368888888888888,"bolusiob":2.71789032448}
