{"iob":2.053796443654321,"activity":0.006735802469135802,"bolusiob":1.6600947168395062}
