{"iob":-0.14790756375703706,"activity":-0.0001519753086419753,"bolusiob":0}
