{"iob":0.19952344307987885,"activity":0.0000737920987654321,"bolusiob":0}
