{"iob":-0.21349658016001608,"activity":-0.0025124429629629634,"bolusiob":0}
