{"iob":1.3862410906864198,"activity":0.013758024691358022,"bolusiob":0.3042909859555557}
