{"iob":0.04530407466666655,"activity":0.006175084175084175,"bolusiob":0}
