{"iob":0.600287970874074,"activity":0.01036739618406285,"bolusiob":0}
