{"iob":0.0916140315022222,"activity":0.0180314253647587,"bolusiob":0}
