{"iob":0.17506165973333335,"activity":0.001695679012345679,"bolusiob":0}
