{"iob":-0.43707461741216924,"activity":-0.0007493944444444444,"bolusiob":0}
