{"iob":1.3470389111111116,"activity":0.020636924803591472,"bolusiob":0.078008088888889}
