{"iob":-0.02214329548444445,"activity":-0.0003889450056116723,"bolusiob":0}
