{"iob":0.19210831064493827,"activity":0.0003965432098765432,"bolusiob":0}
