{"iob":-0.030568891164444483,"activity":-0.00199618406285073,"bolusiob":0}
