{"iob":0.1457232792888889,"activity":0.0002866666666666666,"bolusiob":0}
