{"iob":1.8196839093333335,"activity":0.03025925925925926,"bolusiob":0.03216401066666634}
