{"iob":4.853685229179259,"activity":0.013121481481481479,"bolusiob":4.20222445805037}
