{"iob":0.016002395199999908,"activity":0.005823232323232324,"bolusiob":0}
