{"iob":0.005572292444444432,"activity":0.0013709315375982044,"bolusiob":0}
