{"iob":0.29828446839641004,"activity":0.001584568271604938,"bolusiob":0}
