{"iob":2.6021522240000006,"activity":0.04801010101010101,"bolusiob":-0.001239224000000072}
