{"iob":0.025894344177777782,"activity":0.0023153759820426487,"bolusiob":0}
