{"iob":0.9772599125333337,"activity":0.011022222222222221,"bolusiob":0.1619414768000002}
