{"iob":0.030974646151111108,"activity":0.0011665544332211,"bolusiob":0}
