{"iob":-0.05228268382222223,"activity":-0.0008177890011223344,"bolusiob":0}
