{"iob":1.300235887502222,"activity":0.002885555555555555,"bolusiob":1.0213403750399999}
