{"iob":1.597414713457045,"activity":0.007353917407407406,"bolusiob":0}
