{"iob":-0.04975832726123457,"activity":-0.00003308641975308642,"bolusiob":0}
