{"iob":1.1509664314759385,"activity":0.005083211358024691,"bolusiob":0}
