{"iob":0.1752384284444445,"activity":0.005126823793490461,"bolusiob":0}
