{"iob":-0.00046682755555582656,"activity":0.008002244668911336,"bolusiob":0}
