{"iob":1.426683910352593,"activity":0.011922962962962958,"bolusiob":0.10923354197333346}
