{"iob":1.4123728866488894,"activity":0.03573782267115601,"bolusiob":0}
