{"iob":0.6648414341333335,"activity":0.02164814814814815,"bolusiob":0}
