{"iob":0.14880478558208932,"activity":0.00012115604938271606,"bolusiob":0}
