{"iob":0.0729350148108642,"activity":0.00032113355780022444,"bolusiob":0}
