{"iob":0.6946639030044445,"activity":0.003531851851851852,"bolusiob":0.40653413290666673}
