{"iob":-0.41782472041481483,"activity":-0.003267003367003367,"bolusiob":0}
