{"iob":-0.30183521078518516,"activity":-0.002221402918069585,"bolusiob":0}
