{"iob":0.39484244378647715,"activity":0.007744179517396183,"bolusiob":0}
