{"iob":0.1985687186666667,"activity":0.0030552188552188555,"bolusiob":0}
