{"iob":0.7912449537896296,"activity":0.008714074074074072,"bolusiob":0.13863977130666671}
