{"iob":-0.36493745915061315,"activity":0.002509887194163861,"bolusiob":0}
