{"iob":1.9708829802745675,"activity":0.014397014590347923,"bolusiob":1.0339942429155555}
