{"iob":0.8787907345449373,"activity":0.008908159685746351,"bolusiob":0}
