{"iob":0.0051402041599999055,"activity":0.021304040404040412,"bolusiob":0}
