{"iob":0.5731463255861728,"activity":0.0010750617283950617,"bolusiob":0.4850677767111111}
