{"iob":1.131284023466667,"activity":0.037043771043771045,"bolusiob":0}
