{"iob":1.8768759318400001,"activity":0.04377474747474747,"bolusiob":0}
