{"iob":1.786950368,"activity":0.016555555555555556,"bolusiob":0.448817272}
