{"iob":-0.04914090247111111,"activity":-0.00007185185185185185,"bolusiob":0}
