{"iob":3.726799216746667,"activity":0.058138720538720545,"bolusiob":0.17610531765333245}
