{"iob":-0.1488499015980247,"activity":-0.00011555555555555557,"bolusiob":0}
