{"iob":0.0003353269333332687,"activity":0.009855218855218856,"bolusiob":0}
