{"iob":-0.49793189547344346,"activity":-0.0019213586419753088,"bolusiob":0}
