{"iob":-0.148839768185679,"activity":-0.00011604938271604938,"bolusiob":0}
