{"iob":0.2182916977777778,"activity":0.006402918069584736,"bolusiob":0}
