{"iob":0.06007269859555567,"activity":0.0040502805836139175,"bolusiob":0}
