{"iob":-0.13843642387397534,"activity":-0.001953324354657688,"bolusiob":0}
