{"iob":-0.2347569185269925,"activity":0.003811166475869809,"bolusiob":0}
