{"iob":0.0003242436266666315,"activity":0.010007407407407408,"bolusiob":0}
