{"iob":2.7499908650666667,"activity":0.010377777777777777,"bolusiob":2.0691541802666666}
