{"iob":-0.295265802086853,"activity":-0.00036712135802469137,"bolusiob":0}
