{"iob":0.15410850577777788,"activity":0.012210998877665545,"bolusiob":0}
