{"iob":0.025254899325530718,"activity":-0.0026059482491582494,"bolusiob":0}
