{"iob":0.7626385044148148,"activity":0.0034049382716049383,"bolusiob":0.05220355555555556}
