{"iob":-0.003079626559999999,"activity":-0.001126936026936027,"bolusiob":0}
