{"iob":0.39694579683555553,"activity":0.00032148148148148146,"bolusiob":0}
