{"iob":0.6867954334024692,"activity":0.0016005499438832775,"bolusiob":0}
