{"iob":0.0024294671644444544,"activity":0.00042446689113355787,"bolusiob":0}
