{"iob":0.22899606711223464,"activity":0.011783669584736249,"bolusiob":0}
