{"iob":0.5713331484444445,"activity":0.005303703703703704,"bolusiob":0.1429643093333334}
