{"iob":2.113356448817778,"activity":0.034510998877665545,"bolusiob":0.052320938382222355}
