{"iob":3.507427529497284,"activity":0.032388395061728394,"bolusiob":0.8864114390755559}
