{"iob":0.3352150704299592,"activity":0.0241315142087542,"bolusiob":0}
