{"iob":0.3897694385935802,"activity":0.0006498765432098766,"bolusiob":0}
