{"iob":-0.36046334500740745,"activity":-0.0031618855218855215,"bolusiob":0}
