{"iob":0.04134213952000027,"activity":0.019335353535353532,"bolusiob":0}
