{"iob":2.6815345344000003,"activity":0.035699999999999996,"bolusiob":0.2854138176000002}
