{"iob":0.30046348896,"activity":0.014784848484848486,"bolusiob":0}
