{"iob":-0.29486306141766117,"activity":-0.004589006857463524,"bolusiob":0}
