{"iob":0.020651342826667207,"activity":0.015694276094276097,"bolusiob":0}
