{"iob":5.104275977278765,"activity":0.029992789001122334,"bolusiob":3.1670891737441975}
