{"iob":0.48273368095999997,"activity":0.011659595959595958,"bolusiob":0}
