{"iob":0.018135033066666653,"activity":0.0021750841750841753,"bolusiob":0}
