{"iob":0.0872605300780247,"activity":0.0004338271604938272,"bolusiob":0}
