{"iob":3.2331835154646917,"activity":0.01596938271604938,"bolusiob":1.9490760688711115}
