{"iob":-0.18986437099076897,"activity":-0.0027252474074074074,"bolusiob":0}
