{"iob":0.0005109913599998351,"activity":0.0059656565656565665,"bolusiob":0}
