{"iob":0.3299532742969559,"activity":0.0019974075308641973,"bolusiob":0}
