{"iob":2.627998033081938,"activity":0.005972840123456788,"bolusiob":1.7978501089066667}
