{"iob":0.11304194528395062,"activity":0.0009185185185185186,"bolusiob":0}
