{"iob":0.08905701084444444,"activity":0.00301571268237935,"bolusiob":0}
