{"iob":1.602250506271605,"activity":0.007604938271604938,"bolusiob":0.42364580266666674}
