{"iob":1.4473347235555556,"activity":0.02025925925925926,"bolusiob":0.13166580533333305}
