{"iob":0.14961525591703703,"activity":0.00005851851851851852,"bolusiob":0}
