{"iob":2.9334653895901237,"activity":0.017232098765432097,"bolusiob":1.4616885534222224}
