{"iob":2.1054940534637034,"activity":0.006502693602693599,"bolusiob":1.5230025481481484}
