{"iob":2.780806367336296,"activity":0.009011560044893377,"bolusiob":2.2385151080296297}
