{"iob":0.042962298524444456,"activity":0.0007709315375982043,"bolusiob":0}
