{"iob":-0.06722130172666667,"activity":-0.002133866442199776,"bolusiob":0}
