{"iob":0.33391441566290553,"activity":0.0052161785746352414,"bolusiob":0}
