{"iob":1.7474085506349686,"activity":0.029327823411896742,"bolusiob":0}
