{"iob":0.012100436124444449,"activity":0.0017416386083052753,"bolusiob":0}
