{"iob":3.531953930348642,"activity":0.01186019079685746,"bolusiob":2.8037048551190127}
