{"iob":1.7076163524760493,"activity":0.00454712682379349,"bolusiob":1.522997696}
