{"iob":0.10075405386666669,"activity":0.015190235690235691,"bolusiob":0}
