{"iob":0.7167694059022223,"activity":0.013879573512906846,"bolusiob":0}
