{"iob":-0.09969027609283951,"activity":-0.00004518518518518519,"bolusiob":0}
