{"iob":1.0047989001600002,"activity":0.023066666666666666,"bolusiob":0}
