{"iob":0.05118069084444449,"activity":0.002652076318742986,"bolusiob":0}
