{"iob":0.87933740672,"activity":0.023725252525252524,"bolusiob":0}
