{"iob":1.4487024896,"activity":0.02394949494949495,"bolusiob":0.028749318400000057}
