{"iob":0.7233705264197531,"activity":0.0014444444444444448,"bolusiob":0}
