{"iob":1.165038158087901,"activity":0.019219169472502805,"bolusiob":0.6061689427516052}
