{"iob":0.19946753856790123,"activity":0.00008271604938271605,"bolusiob":0}
