{"iob":0.44768526267739905,"activity":0.026797484455667788,"bolusiob":0}
