{"iob":0.038741456956049386,"activity":0.000292716049382716,"bolusiob":0}
