{"iob":2.5493790694400005,"activity":0.027106666666666657,"bolusiob":0.4835732377600005}
