{"iob":2.152229099312477,"activity":0.03136847832772166,"bolusiob":1.1184924168888888}
