{"iob":0.15103601784000004,"activity":0.0009229797979797981,"bolusiob":0}
