{"iob":0.22555129294222256,"activity":0.014779910213243546,"bolusiob":0}
