{"iob":-0.0020584199999999888,"activity":-0.0009217171717171716,"bolusiob":0}
