{"iob":0.9971033862558026,"activity":0.018224040404040406,"bolusiob":0.24462290324543212}
