{"iob":0.38047794087506176,"activity":0.0010350617283950616,"bolusiob":0.32881272705580256}
