{"iob":1.4755154355832099,"activity":0.013444971941638606,"bolusiob":0.46358113664000017}
