{"iob":1.5608301745300577,"activity":0.0282156122895623,"bolusiob":0}
