{"iob":0.09838226014151037,"activity":0.0047009781705948375,"bolusiob":0}
