{"iob":0.007736198205824633,"activity":0.0014068460718294055,"bolusiob":0}
