{"iob":2.1695015369955555,"activity":0.02970962962962963,"bolusiob":0.21172077642666642}
