{"iob":-0.14855400961580248,"activity":-0.00014333333333333334,"bolusiob":0}
