{"iob":0.7809325323377778,"activity":0.0012355555555555557,"bolusiob":0}
