{"iob":0.0283709464,"activity":0.0032853535353535358,"bolusiob":0}
