{"iob":0.44467813673086415,"activity":0.007606868686868686,"bolusiob":0}
