{"iob":3.081874498315062,"activity":0.041678338945005604,"bolusiob":0.6679036830380247}
