{"iob":4.384225426014814,"activity":0.03856296296296296,"bolusiob":1.2110249514666669}
