{"iob":0.1994426915871605,"activity":0.00008567901234567901,"bolusiob":0}
