{"iob":-0.3348332126340741,"activity":-0.0027600000000000003,"bolusiob":0}
