{"iob":-0.38148678975209876,"activity":-0.0008824691358024692,"bolusiob":0}
