{"iob":-0.011684624159999992,"activity":-0.0018540404040404046,"bolusiob":0}
