{"iob":5.27135415296,"activity":0.003768888888888888,"bolusiob":5.21054454784}
