{"iob":0.6973562015901237,"activity":0.0030116049382716047,"bolusiob":0}
