{"iob":0.12385677494551484,"activity":0.0025314533670033673,"bolusiob":0}
