{"iob":0.10912601475555553,"activity":0.005378226711560044,"bolusiob":0}
