{"iob":0.7052714434499611,"activity":0.0042138281481481485,"bolusiob":0}
