{"iob":0.2160222427377779,"activity":0.004910998877665544,"bolusiob":0}
