{"iob":2.660203603833257,"activity":0.03059740749719416,"bolusiob":0.531674220871111}
