{"iob":0.7001431836246912,"activity":0.017190819304152637,"bolusiob":0.09668369365333332}
