{"iob":1.532700182471111,"activity":0.010454444444444442,"bolusiob":0.19239563904000007}
