{"iob":1.5011029392,"activity":0.002406060606060606,"bolusiob":1.4965597248}
