{"iob":0.6352603993441976,"activity":0.0009758024691358024,"bolusiob":0}
