{"iob":-0.1847399658469136,"activity":0.00006049382716049386,"bolusiob":0}
