{"iob":0.19828774597530868,"activity":0.00017530864197530863,"bolusiob":0}
