{"iob":1.5288931452839507,"activity":0.019432098765432098,"bolusiob":0.18617760088888893}
