{"iob":0.19947639554134253,"activity":0.00007971802469135802,"bolusiob":0}
