{"iob":0.09537091822617284,"activity":0.00025135802469135804,"bolusiob":0}
