{"iob":-0.12432159328222225,"activity":-0.0025244388327721663,"bolusiob":0}
