{"iob":0.05452437916444446,"activity":0.0008285072951739619,"bolusiob":0}
