{"iob":0.19948381056,"activity":0.00008074074074074073,"bolusiob":0}
