{"iob":0.9187037498153086,"activity":0.0017465432098765434,"bolusiob":0}
