{"iob":1.16861437952,"activity":0.006968888888888887,"bolusiob":0.5718720940800001}
