{"iob":0.21379524116543216,"activity":0.0037870707070707076,"bolusiob":0}
