{"iob":1.1332318475338274,"activity":0.01876365881032548,"bolusiob":0.2636589390380248}
