{"iob":0.26722158434362187,"activity":0.0020972843209876545,"bolusiob":0}
