{"iob":0.19193642526708127,"activity":0.004163456734006735,"bolusiob":0}
