{"iob":0.6617149593600006,"activity":0.027539393939393936,"bolusiob":0}
