{"iob":0.1995144139106328,"activity":0.0000730346913580247,"bolusiob":0}
