{"iob":0.22253305888000002,"activity":0.004408080808080807,"bolusiob":0}
