{"iob":1.2807336106666671,"activity":0.03237710437710438,"bolusiob":0}
