{"iob":-0.14884913522274792,"activity":-0.00011171086419753085,"bolusiob":0}
