{"iob":2.9598119841185184,"activity":0.0037259259259259255,"bolusiob":2.8640894298074073}
