{"iob":0.5780517611733333,"activity":0.020014814814814815,"bolusiob":0}
