{"iob":2.2533126075101233,"activity":0.016891604938271604,"bolusiob":0.8090553673244445}
