{"iob":-0.10323626538354314,"activity":0.0027637586980920315,"bolusiob":0}
