{"iob":0.26649337344000074,"activity":0.028912121212121212,"bolusiob":0}
