{"iob":0.0783840835555555,"activity":0.006725028058361392,"bolusiob":0}
