{"iob":0.1410016878933334,"activity":0.00485925925925926,"bolusiob":0}
