{"iob":3.0876217352849378,"activity":0.022795802469135793,"bolusiob":1.2592333062755556}
