{"iob":0.1351373790182716,"activity":0.0028333108866442206,"bolusiob":0}
