{"iob":0.7385462651022224,"activity":0.01594888888888889,"bolusiob":0}
