{"iob":-0.2315971507437037,"activity":-0.0024000673400673407,"bolusiob":0}
