{"iob":1.1362732091364747,"activity":0.004038854938271603,"bolusiob":0}
