{"iob":-0.00008395594666675832,"activity":0.01498047138047139,"bolusiob":0}
