{"iob":0.006322351999999986,"activity":0.0016060606060606065,"bolusiob":0}
