{"iob":-0.04822134834567902,"activity":-0.00010864197530864197,"bolusiob":0}
