{"iob":0.5817623606755556,"activity":0.0035833333333333333,"bolusiob":0}
