{"iob":1.2669635680000002,"activity":0.020252525252525255,"bolusiob":0.04365007199999993}
