{"iob":0.18143640071901235,"activity":0.0006928395061728394,"bolusiob":0}
