{"iob":0.26813859260639383,"activity":0.005187936273849607,"bolusiob":0}
