{"iob":0.007606258659398702,"activity":0.001969043322109989,"bolusiob":0}
