{"iob":0.1603200090666667,"activity":0.0035235690235690237,"bolusiob":0}
