{"iob":-0.19269795178705723,"activity":-0.002644070852974186,"bolusiob":0}
