{"iob":0.3379977690706173,"activity":0.0019249382716049384,"bolusiob":0.17465865159111116}
