{"iob":0.48838327375407403,"activity":0.0007612345679012346,"bolusiob":0}
