{"iob":0.6049624964839506,"activity":0.009554523007856343,"bolusiob":0}
