{"iob":-0.19495451159308647,"activity":-0.0034151402918069585,"bolusiob":0}
