{"iob":0.46017923800493826,"activity":0.0015728395061728395,"bolusiob":0}
