{"iob":0.7676838012839506,"activity":0.010383950617283949,"bolusiob":0.07785285155555553}
