{"iob":0.04142153333333343,"activity":0.010143097643097645,"bolusiob":0}
