{"iob":0.29611600935928517,"activity":0.00030744296296296295,"bolusiob":0}
