{"iob":2.990602705066667,"activity":0.0014888888888888888,"bolusiob":2.9723375402666665}
