{"iob":1.4026896981017287,"activity":0.01649728395061728,"bolusiob":0.20982707171555573}
