{"iob":1.607039337244445,"activity":0.027520763187429857,"bolusiob":0.013745833422222242}
