{"iob":0.672962321777778,"activity":0.010599887766554433,"bolusiob":0.028252478222222255}
