{"iob":0.03881010881039594,"activity":0.00426133507295174,"bolusiob":0}
