{"iob":4.36360746496,"activity":0.027324444444444436,"bolusiob":2.0100657718400012}
