{"iob":1.33672197926321,"activity":0.02396511784511784,"bolusiob":0}
