{"iob":-0.09889783593086421,"activity":-0.00010506172839506173,"bolusiob":0}
