{"iob":0.45940306593344943,"activity":0.007972730359147025,"bolusiob":0}
