{"iob":2.671481969493333,"activity":0.017697777777777774,"bolusiob":1.14356460064}
