{"iob":1.25228201915371,"activity":0.014847655802469134,"bolusiob":0}
