{"iob":0.19319078962962735,"activity":0.007148344276094277,"bolusiob":0}
