{"iob":0.5952084643555557,"activity":0.021078563411896747,"bolusiob":0}
