{"iob":3.671823909068642,"activity":0.035145050505050505,"bolusiob":0.8615461981511113}
