{"iob":0.13181549344000001,"activity":0.0013983838383838385,"bolusiob":0}
