{"iob":-0.16989224587098428,"activity":0.003670547384960719,"bolusiob":0}
