{"iob":1.831175294066349,"activity":0.02237823398428732,"bolusiob":0.17707040138666671}
