{"iob":0.06880789066666672,"activity":0.003735690235690236,"bolusiob":0}
