{"iob":3.489598662727901,"activity":0.0015152637485970817,"bolusiob":3.469546571693827}
