{"iob":0.7334079457185185,"activity":0.001104814814814815,"bolusiob":0}
