{"iob":2.9461613698536175,"activity":0.014456615286195287,"bolusiob":1.263395729414321}
