{"iob":0.009904103999999924,"activity":0.0027929292929292924,"bolusiob":0}
