{"iob":0.15546738666666673,"activity":0.003493265993265994,"bolusiob":0}
