{"iob":3.0908575112948147,"activity":0.009347676767676765,"bolusiob":2.529708302032593}
