{"iob":2.1289973999881475,"activity":0.024477037037037037,"bolusiob":0.3368892606933334}
