{"iob":0.9051820584928396,"activity":0.007817957351290686,"bolusiob":0}
