{"iob":3.670629125688889,"activity":0.013748148148148146,"bolusiob":2.7741781560888894}
