{"iob":0.08539788788938271,"activity":-0.0009954096520763188,"bolusiob":0}
