{"iob":1.8400209069511115,"activity":0.02963450056116723,"bolusiob":0.16147860732444436}
