{"iob":0.06514106359868356,"activity":0.005982603142536475,"bolusiob":0}
