{"iob":-0.1983025688086327,"activity":-0.000011393771043770914,"bolusiob":0}
