{"iob":-0.041283864327901244,"activity":-0.000412368125701459,"bolusiob":0}
