{"iob":0.0949343462400001,"activity":0.012051515151515153,"bolusiob":0}
