{"iob":0.014387778857057016,"activity":0.002627820538720539,"bolusiob":0}
