{"iob":-0.4666549594962964,"activity":-0.0013055555555555555,"bolusiob":0}
