{"iob":0.5448453530424693,"activity":0.006494298540965207,"bolusiob":0}
