{"iob":0.5624199772647234,"activity":0.006030981818181818,"bolusiob":0}
