{"iob":0.9963651148800001,"activity":0.024521212121212124,"bolusiob":0}
