{"iob":-0.14883587578469137,"activity":-0.00011666666666666667,"bolusiob":0}
