{"iob":0.02608330577777762,"activity":0.00968574635241302,"bolusiob":0}
