{"iob":-0.07929514607333336,"activity":-0.0022324859708193045,"bolusiob":0}
