{"iob":0.13918157003800874,"activity":0.00047654333333333333,"bolusiob":0}
