{"iob":5.347222446533086,"activity":0.0264764253647587,"bolusiob":3.5714946813471604}
