{"iob":0.16730596835555533,"activity":0.016376543209876547,"bolusiob":0}
