{"iob":0.6173836470044445,"activity":0.004717037037037037,"bolusiob":0.21533097557333344}
