{"iob":0.23632821411555555,"activity":0.00351358024691358,"bolusiob":-0.000042257351111096854}
