{"iob":0.0058598565333332076,"activity":0.005405723905723905,"bolusiob":0}
