{"iob":-0.20253866208000004,"activity":-0.003729102132435466,"bolusiob":0}
