{"iob":0.1587783269925926,"activity":0.0018783950617283951,"bolusiob":0}
