{"iob":0.22760414506074078,"activity":0.0013883838383838382,"bolusiob":0}
