{"iob":-0.2926089743802469,"activity":-0.0004641975308641975,"bolusiob":0}
