{"iob":1.8258673840355555,"activity":0.036879730639730636,"bolusiob":0.30805076437333334}
