{"iob":0.0785268906666662,"activity":0.01944781144781145,"bolusiob":0}
