{"iob":1.4283127291259259,"activity":0.0038370370370370364,"bolusiob":1.2388332098370372}
