{"iob":0.5430531580602469,"activity":0.0005771604938271605,"bolusiob":0}
