{"iob":5.5940307597809245,"activity":0.04353250751964084,"bolusiob":2.1164629923200002}
