{"iob":0.6743131264079012,"activity":0.013564085297418631,"bolusiob":0.49851316867160494}
