{"iob":0.29753458508641983,"activity":0.004581593714927048,"bolusiob":0}
