{"iob":2.6621271982222225,"activity":0.041122334455667785,"bolusiob":0.14092128177777719}
