{"iob":0.33057899331160495,"activity":0.0009480246913580247,"bolusiob":0}
