{"iob":4.740421556990262,"activity":0.05225843367003367,"bolusiob":0.8790969549866671}
