{"iob":0.08325208888888898,"activity":0.019935465768799107,"bolusiob":0}
