{"iob":3.9743340021155555,"activity":0.018486419753086417,"bolusiob":2.5215971313777783}
