{"iob":0.05732011674818149,"activity":0.0020600728956228958,"bolusiob":0}
