{"iob":0.03891229653333328,"activity":0.006420875420875421,"bolusiob":0}
