{"iob":1.5297059782400002,"activity":0.026022222222222224,"bolusiob":0.015848704960000414}
