{"iob":-0.4581111895283574,"activity":-0.004502441200897868,"bolusiob":0}
