{"iob":-0.033352987360000017,"activity":-0.002231818181818182,"bolusiob":0}
