{"iob":0.08251924536493828,"activity":-0.0011716610549943884,"bolusiob":0}
