{"iob":0.10315025856000021,"activity":0.012199999999999999,"bolusiob":0}
