{"iob":0.4732155071604939,"activity":0.0013271604938271606,"bolusiob":0}
