{"iob":0.2088850794025021,"activity":-0.00483657948372615,"bolusiob":0}
