{"iob":1.759849654795062,"activity":0.009840864197530864,"bolusiob":1.141418659271111}
