{"iob":0.4726686226488888,"activity":0.021311560044893377,"bolusiob":0}
