{"iob":3.1675993769718525,"activity":0.020761481481481478,"bolusiob":1.3753503698133338}
