{"iob":1.6961330316800003,"activity":0.02332888888888888,"bolusiob":0.16325746272000025}
