{"iob":1.241137263280988,"activity":0.01814864197530864,"bolusiob":0.09736332828444448}
