{"iob":0.0033458160711111293,"activity":0.002554096520763188,"bolusiob":0}
