{"iob":-0.45449558697384823,"activity":-0.002725309259259259,"bolusiob":0}
