{"iob":2.2572293471604947,"activity":0.02596913580246913,"bolusiob":0.35658323555555604}
