{"iob":0.04117415635753087,"activity":0.0002576543209876543,"bolusiob":0}
