{"iob":0.5812140283042132,"activity":-0.0010959293939393948,"bolusiob":0}
