{"iob":-0.06110715775604939,"activity":-0.0011669360269360271,"bolusiob":0}
