{"iob":1.3547671304592592,"activity":0.01840528619528619,"bolusiob":0.10918065578666693}
