{"iob":3.6841409216790124,"activity":0.031753086419753086,"bolusiob":1.0547436817777784}
