{"iob":0.9305403419377777,"activity":0.03216285072951739,"bolusiob":0}
