{"iob":0.29807909874074073,"activity":0.00020870370370370368,"bolusiob":0}
