{"iob":-0.008832990666666669,"activity":-0.0003038720538720539,"bolusiob":0}
