{"iob":0.24292317152801696,"activity":0.0023417399887766554,"bolusiob":0}
