{"iob":1.074268091588367,"activity":0.015912290549943885,"bolusiob":0}
