{"iob":1.0133666809955555,"activity":0.025131762065095396,"bolusiob":0}
