{"iob":1.0795869499733337,"activity":0.03323582491582492,"bolusiob":0.09499222656000006}
