{"iob":-0.1775867183312594,"activity":0.011041739618406286,"bolusiob":0}
