{"iob":-0.2626839022395062,"activity":-0.001192283950617284,"bolusiob":0}
