{"iob":0.006814914915555548,"activity":0.0008886644219977553,"bolusiob":0}
