{"iob":0.9915602626844446,"activity":0.03725005611672279,"bolusiob":0}
