{"iob":0.011495539277372575,"activity":0.0018043377665544337,"bolusiob":0}
