{"iob":-0.00033089071999999883,"activity":-0.0005170033670033671,"bolusiob":0}
