{"iob":-0.022003309155555557,"activity":-0.0005469135802469137,"bolusiob":0}
