{"iob":2.1171664566755557,"activity":0.02312934904601572,"bolusiob":0.08172560910222214}
