{"iob":0.009151694542222227,"activity":0.0005260381593714928,"bolusiob":0}
