{"iob":1.0484084105193745,"activity":0.004445365712682379,"bolusiob":0}
