{"iob":-0.3212249742222223,"activity":-0.0021259259259259256,"bolusiob":0}
