{"iob":0.4057249875555562,"activity":0.0342250280583614,"bolusiob":0}
