{"iob":0.6425264568731378,"activity":0.004614142345679012,"bolusiob":0}
