{"iob":0.0604857552000001,"activity":0.006833333333333334,"bolusiob":0}
