{"iob":0.124869234003149,"activity":0.005669287093153761,"bolusiob":0}
