{"iob":0.2720104049535783,"activity":0.006502524747474747,"bolusiob":0}
