{"iob":0.04157372416,"activity":0.0017232323232323232,"bolusiob":0}
