{"iob":3.947491510676543,"activity":0.004908641975308641,"bolusiob":3.8226929404839503}
