{"iob":0.628472379894321,"activity":0.0011894444444444444,"bolusiob":0}
