{"iob":0.06112176026666667,"activity":0.003791245791245792,"bolusiob":0}
