{"iob":-0.025270253493333346,"activity":-0.0004047138047138048,"bolusiob":0}
