{"iob":6.192393038222223,"activity":0.00902222222222222,"bolusiob":5.929725112888889}
