{"iob":0.9122630518299125,"activity":0.0018921724691358024,"bolusiob":0}
