{"iob":0.5823465347950617,"activity":0.001119259259259259,"bolusiob":0}
