{"iob":0.004216729208888892,"activity":0.0004586980920314254,"bolusiob":0}
