{"iob":0.1822395924767636,"activity":0.0074007849607182945,"bolusiob":0}
