{"iob":1.828297018853618,"activity":0.006896402222222221,"bolusiob":1.2600005864928396}
