{"iob":0.5442745002498766,"activity":0.0018887654320987656,"bolusiob":0}
