{"iob":0.15465533216000069,"activity":0.026776767676767683,"bolusiob":0}
