{"iob":1.4622126506023436,"activity":0.006036051234567903,"bolusiob":0}
