{"iob":4.2007000560000005,"activity":0.01575}
