{"iob":1.4710394611199997,"activity":0.04893333333333332}
