{"iob":0.46862965365333353,"activity":0.00845925925925926,"bolusiob":-0.000012124053333473218}
