{"iob":-0.000003601791628382589,"activity":0.00031308024691358027,"bolusiob":0}
