{"iob":1.7001221509688889,"activity":0.007445185185185184,"bolusiob":1.1501271425422221}
