{"iob":0.8764536559644446,"activity":0.028469921436588105,"bolusiob":0}
