{"iob":-0.23326898551866423,"activity":-0.00293466874298541,"bolusiob":0}
