{"iob":-0.7998252948034568,"activity":-0.002602256944444445,"bolusiob":0}
