{"iob":0.5296502092269193,"activity":0.01489244643097643,"bolusiob":0}
