{"iob":-0.05277076943730953,"activity":0.002584455499438832,"bolusiob":0}
