{"iob":-0.03441346457991538,"activity":0.0017987659259259253,"bolusiob":0}
