{"iob":1.971260334577778,"activity":0.022962514029180696,"bolusiob":0.3346076494222224}
