{"iob":-0.03430874499777777,"activity":-0.0019107463524130192,"bolusiob":0}
