{"iob":-0.24399234978765433,"activity":-0.00037222222222222225,"bolusiob":0}
