{"iob":0.00012257007164519912,"activity":0.003405783108866443,"bolusiob":0}
