{"iob":2.0104562840888898,"activity":0.042905499438832775,"bolusiob":0}
