{"iob":0.6318787865600002,"activity":0.015635353535353537,"bolusiob":0}
