{"iob":0.9496371916800002,"activity":0.023204040404040404,"bolusiob":0}
