{"iob":-0.5542012735371176,"activity":-0.003236616318742985,"bolusiob":0}
