{"iob":1.3531471297106172,"activity":0.0055125925925925915,"bolusiob":0.85015195897679}
