{"iob":-0.35571297273851854,"activity":-0.004857323232323234,"bolusiob":0}
