{"iob":0.00011943466666659576,"activity":0.001326599326599327,"bolusiob":0}
