{"iob":-0.4633021327099119,"activity":-0.006548984354657689,"bolusiob":0}
