{"iob":-0.19048348077355565,"activity":-0.006770398428731763,"bolusiob":0}
