{"iob":0.19173052607279756,"activity":0.0020279463860830528,"bolusiob":0}
