{"iob":-0.6099572554362415,"activity":-0.0023688064870931538,"bolusiob":0}
