{"iob":0.10216133904158406,"activity":0.008359820145903477,"bolusiob":0}
