{"iob":1.2824393463212067,"activity":0.013345735746352408,"bolusiob":0.054019038080000165}
