{"iob":-0.7954390340215804,"activity":-0.005839511784511784,"bolusiob":0}
