{"iob":-0.2794736429230798,"activity":-0.0020956959595959594,"bolusiob":0}
