{"iob":3.4956748298666667,"activity":0.011974231200897866,"bolusiob":3.2181441371022226}
