{"iob":-0.17210985154753702,"activity":-0.0027936074074074073,"bolusiob":0}
