{"iob":-0.45043860462851515,"activity":-0.0037731535802469148,"bolusiob":0}
