{"iob":2.2925295240375307,"activity":0.0011698765432098764,"bolusiob":2.2779178970390124}
