{"iob":-0.11978496978052769,"activity":-0.002843967283950617,"bolusiob":0}
