{"iob":-0.6306863866109392,"activity":-0.003952697676767676,"bolusiob":0}
