{"iob":0.7448378292622222,"activity":0.010611851851851851,"bolusiob":0.06390460682666661}
