{"iob":0.2672003593767305,"activity":-0.0049672699663299655,"bolusiob":0}
