{"iob":-0.1258218575442272,"activity":-0.0014242255892255918,"bolusiob":0.20857821333333343}
