{"iob":0.0770356591644445,"activity":0.005497530864197533,"bolusiob":0}
