{"iob":0.23179412053333337,"activity":0.0065016835016835015,"bolusiob":0}
