{"iob":2.38432395491358,"activity":0.0205224354657688,"bolusiob":2.786621817805432}
