{"iob":0.3234407697104337,"activity":0.0008305751515151514,"bolusiob":0}
