{"iob":0.48427096177777784,"activity":0.009615039281705947,"bolusiob":0}
