{"iob":-0.6185326677565434,"activity":-0.006536369248035916,"bolusiob":0}
