{"iob":-0.2500340562029229,"activity":-0.002323383625140292,"bolusiob":0}
