{"iob":-0.2927576392217284,"activity":-0.0004738271604938272,"bolusiob":0}
