{"iob":1.0721945432460949,"activity":0.014561581212121213,"bolusiob":0}
