{"iob":0.1971964353422223,"activity":0.008955331088664423,"bolusiob":0}
