{"iob":0.7717175210666668,"activity":0.014942760942760943,"bolusiob":0}
