{"iob":-0.04785405134666669,"activity":-0.003483333333333334,"bolusiob":0}
