{"iob":-0.4244926400977468,"activity":-0.002630118013468013,"bolusiob":0}
