{"iob":-0.4899885456952906,"activity":-0.0003313306734006734,"bolusiob":0}
