{"iob":1.1766374924641978,"activity":0.01601975308641975,"bolusiob":0.11693682417777784}
