{"iob":7.965499009137777,"activity":0.04102518518518518,"bolusiob":4.599102600106667}
