{"iob":0.07371280009241438,"activity":0.0020668240965207637,"bolusiob":0}
