{"iob":-0.36326284068483655,"activity":-0.00686486531986532,"bolusiob":0}
