{"iob":-0.15320121589532903,"activity":-0.0031021656790123464,"bolusiob":0}
