{"iob":-0.5277110209103704,"activity":-0.0022996520763187422,"bolusiob":0}
