{"iob":-0.31416778614419755,"activity":-0.001215493827160494,"bolusiob":0}
