{"iob":-0.7026111865688891,"activity":-0.009571879910213245,"bolusiob":0}
