{"iob":-0.4080704289139205,"activity":-0.008018007934904602,"bolusiob":0}
