{"iob":0.0010124447210914267,"activity":0.0008824608305274974,"bolusiob":0}
