{"iob":1.5046812853697713,"activity":0.008714916363636364,"bolusiob":0.6748951403772839}
