{"iob":2.5443986442429636,"activity":0.028619259259259254,"bolusiob":0.42437230645333374}
