{"iob":0.04026508212396584,"activity":-0.0010027062738496072,"bolusiob":0}
