{"iob":1.2757078034646914,"activity":0.0019612345679012344,"bolusiob":1.2159071569698765}
