{"iob":1.3475850363101234,"activity":0.009079259259259257,"bolusiob":0.33307062208000004}
