{"iob":-0.06992831414422204,"activity":-0.0057932713580246915,"bolusiob":0}
