{"iob":-0.20028438049344044,"activity":-0.003705994949494949,"bolusiob":0}
