{"iob":0.4089561547324201,"activity":0.001345298765432099,"bolusiob":0}
