{"iob":2.7940126199940742,"activity":0.02574962962962963,"bolusiob":0.7087346503466665}
