{"iob":-0.49224638919233965,"activity":-0.001808080931537599,"bolusiob":0}
