{"iob":1.7213066499200005,"activity":0.03030707070707071,"bolusiob":0.00473126367999952}
