{"iob":-0.4302666638781937,"activity":-0.004309708148148148,"bolusiob":0}
