{"iob":-0.28536881307502143,"activity":-0.0028639167227833906,"bolusiob":0}
