{"iob":-0.5111613876503259,"activity":-0.007999931358024692,"bolusiob":0}
