{"iob":-0.24762098480111447,"activity":-0.0015186790011223346,"bolusiob":0}
