{"iob":-0.8421834931886423,"activity":-0.008775993265993267,"bolusiob":0}
