{"iob":-0.4824772924579752,"activity":-0.002846992267115601,"bolusiob":0}
