{"iob":-0.19715367811950618,"activity":-0.00023074074074074072,"bolusiob":0}
