{"iob":-0.2451654580724349,"activity":-0.003393602749719416,"bolusiob":0}
