{"iob":0.014608928071110916,"activity":0.013681705948372614,"bolusiob":0}
