{"iob":0.8375065888553086,"activity":0.006638024691358024,"bolusiob":0.2757665030755556}
