{"iob":-0.9017930483893124,"activity":-0.006861443322109989,"bolusiob":0}
