{"iob":1.31018130592,"activity":0.03157272727272727,"bolusiob":0}
