{"iob":1.3906487411199995,"activity":0.008187115600448935,"bolusiob":1.3609415998577776}
