{"iob":0.6451921506844449,"activity":0.02377396184062851,"bolusiob":0}
