{"iob":-0.014880400640000006,"activity":-0.001927777777777778,"bolusiob":0}
