{"iob":-0.6465639845872303,"activity":-0.006957137598204266,"bolusiob":0}
