{"iob":-0.04504770491333335,"activity":-0.0025186026936026944,"bolusiob":0}
