{"iob":-0.5925180088505732,"activity":-0.0015062050056116722,"bolusiob":0}
