{"iob":0.09204831922410928,"activity":-0.0013879455106621777,"bolusiob":0}
