{"iob":-0.8214349155449384,"activity":-0.008715308641975311,"bolusiob":0}
