{"iob":-0.1090705415079399,"activity":-0.000599156430976431,"bolusiob":0}
