{"iob":1.8288749466311116,"activity":0.0346652076318743,"bolusiob":-0.00017884533333323294}
