{"iob":-0.5070673991945708,"activity":-0.002464215432098766,"bolusiob":0}
