{"iob":-0.7154280824086419,"activity":-0.006473961840628508,"bolusiob":0}
