{"iob":2.0554822791071605,"activity":0.039072008978675646,"bolusiob":0.16291100771555556}
