{"iob":1.9932403686060602,"activity":0.012057774354657685,"bolusiob":0.9229118737066668}
