{"iob":0.9434345583034287,"activity":0.013153816554433225,"bolusiob":0}
