{"iob":-0.0488841114471603,"activity":-0.0027191595398428736,"bolusiob":0}
