{"iob":1.7063814546829437,"activity":0.0007147788327721657,"bolusiob":1.2031720855703705}
