{"iob":-0.2942317036395062,"activity":-0.00040870370370370366,"bolusiob":0}
