{"iob":-0.3315762050064205,"activity":-0.0008402296296296295,"bolusiob":0}
