{"iob":-0.7157851196639505,"activity":-0.005146071829405163,"bolusiob":0}
