{"iob":0.8392886073995064,"activity":0.009636049382716049,"bolusiob":0.13325226535111112}
