{"iob":3.625568007628889,"activity":0.0034767620650953987,"bolusiob":3.4974320921600004}
