{"iob":-0.29371916103901236,"activity":-0.0004144444444444445,"bolusiob":0}
