{"iob":-0.6224836929294231,"activity":-0.003184654118967453,"bolusiob":0}
