{"iob":0.5411249551644447,"activity":0.008830864197530866,"bolusiob":0.013543257102222173}
