{"iob":-0.9395198097883194,"activity":-0.009136270202020201,"bolusiob":0}
