{"iob":1.519628009777778,"activity":0.010522222222222221,"bolusiob":0.724883504}
