{"iob":-0.5222462945477532,"activity":-0.0028834904601571267,"bolusiob":0}
