{"iob":-0.49805927589293836,"activity":-0.0017875308641975307,"bolusiob":0}
