{"iob":-0.630072879659674,"activity":-0.0032156174074074086,"bolusiob":0}
