{"iob":0.029565331397139526,"activity":0.0025643094837261506,"bolusiob":0}
