{"iob":1.92308333056,"activity":0.011397777777777778,"bolusiob":0.9480808582399999}
