{"iob":2.0653177603476545,"activity":0.006442469135802468,"bolusiob":1.7042242716128397}
