{"iob":1.4015536469555223,"activity":0.00997890125701459,"bolusiob":0.5669118960987654}
