{"iob":0.43778820088888953,"activity":0.019213243546576882,"bolusiob":0}
