{"iob":0.1681589043624032,"activity":0.005058712704826039,"bolusiob":0}
