{"iob":0.17753805751209883,"activity":0.010128097643097642,"bolusiob":0}
