{"iob":1.7518091086656797,"activity":0.03900947250280584,"bolusiob":0.07332608348444454}
