{"iob":-0.877598781668246,"activity":-0.004362637654320987,"bolusiob":0}
