{"iob":-0.222384960382624,"activity":-0.0026983390123456797,"bolusiob":0}
