{"iob":0.0187986512711112,"activity":0.005198540965207634,"bolusiob":0}
