{"iob":-0.8231861989896295,"activity":-0.007943445566778902,"bolusiob":0}
