{"iob":-0.6479040181874038,"activity":-0.006882434769921438,"bolusiob":0}
