{"iob":-0.8498836406565433,"activity":-0.009177940516273849,"bolusiob":0}
