{"iob":2.6148158811022224,"activity":0.037754074074074065,"bolusiob":0.21438170218666655}
