{"iob":0.9896880243990125,"activity":0.004201728395061728,"bolusiob":0.686765861151605}
