{"iob":3.761906935055802,"activity":0.024101728395061722,"bolusiob":1.682840891235556}
