{"iob":2.8338987264948146,"activity":0.016951111111111108,"bolusiob":1.3914622227200004}
