{"iob":0.35219557582222194,"activity":0.03302805836139169,"bolusiob":0}
