{"iob":0.3751186425046914,"activity":0.004320347923681257,"bolusiob":-0.00006159804444444417}
