{"iob":3.6608744572207406,"activity":0.01143037037037037,"bolusiob":3.019706394216296}
