{"iob":-0.3463494703903702,"activity":-0.006765886891133558,"bolusiob":0}
