{"iob":-0.12013158213985556,"activity":-0.0020179014814814813,"bolusiob":0}
