{"iob":1.0859644494577778,"activity":0.0185645342312009,"bolusiob":0.0253621405155553}
