{"iob":-0.17342948878135805,"activity":-0.004182081930415264,"bolusiob":0}
