{"iob":-0.7655267360627616,"activity":-0.007997562749719418,"bolusiob":0}
