{"iob":-0.19769861059950616,"activity":-0.00009416666666666667,"bolusiob":0}
