{"iob":0.1818893493479841,"activity":0.00967076290684624,"bolusiob":0}
