{"iob":-0.5204808781561728,"activity":-0.006216952861952861,"bolusiob":0}
