{"iob":-0.7160796182645434,"activity":-0.0072685016835016825,"bolusiob":0}
