{"iob":-0.32663272747172845,"activity":-0.006113350168350168,"bolusiob":0}
