{"iob":-0.34247527636647407,"activity":-0.0004967230864197531,"bolusiob":0}
