{"iob":-0.8205979775072092,"activity":-0.004729896041666667,"bolusiob":0}
