{"iob":0.5494598144000002,"activity":0.013595959595959597,"bolusiob":0}
