{"iob":-0.6315953789139754,"activity":-0.0022943209876543215,"bolusiob":0}
