{"iob":-0.5192956310104392,"activity":-0.0009217796071829404,"bolusiob":0}
