{"iob":0.016289855784839283,"activity":-0.002625864197530864,"bolusiob":0.42349768000000004}
