{"iob":-0.2030568224869136,"activity":-0.00009407407407407408,"bolusiob":0}
