{"iob":3.5648375458409873,"activity":0.006063310886644219,"bolusiob":3.24817149081284}
