{"iob":0.47663172608000015,"activity":0.012609090909090908,"bolusiob":0}
