{"iob":-0.22366598164952123,"activity":-0.0033694276655443327,"bolusiob":0}
