{"iob":-0.48116502608716055,"activity":-0.004918832772166106,"bolusiob":0}
