{"iob":1.6617888730311112,"activity":0.02724197530864197,"bolusiob":0.038484160568888655}
