{"iob":4.505314876264691,"activity":0.04992772166105499,"bolusiob":0.7189637006222223}
