{"iob":-0.48167748809864197,"activity":-0.0024743939393939386,"bolusiob":0}
