{"iob":-0.6003029724112594,"activity":-0.005369876543209877,"bolusiob":0}
