{"iob":1.9317582749376294,"activity":0.003668260381593715,"bolusiob":2.2556250789135803}
