{"iob":-0.8352643470251854,"activity":-0.007677115600448934,"bolusiob":0}
