{"iob":2.5395860851066905,"activity":0.026861919068462397,"bolusiob":0.7984527940266671}
