{"iob":-0.0047174280533333335,"activity":-0.0013422558922558925,"bolusiob":0}
