{"iob":0.029618215679999938,"activity":0.012901010101010102,"bolusiob":0}
