{"iob":0.9228076212622222,"activity":0.008685925925925925,"bolusiob":0.22490964149333337}
