{"iob":0.4141512490037941,"activity":0.0026041364197530864,"bolusiob":0}
