{"iob":-0.09972800750617283,"activity":-0.000040740740740740745,"bolusiob":0}
