{"iob":-0.6590353020800691,"activity":-0.007920050628507294,"bolusiob":0}
