{"iob":-0.19164414627832105,"activity":0.0030076318742985413,"bolusiob":0}
