{"iob":1.091975786097778,"activity":0.000945185185185185,"bolusiob":1.074204883057778}
