{"iob":-0.6933150501816051,"activity":-0.005058787878787878,"bolusiob":0}
