{"iob":1.1054674718514281,"activity":0.025936217901234567,"bolusiob":0}
