{"iob":1.8974042626844452,"activity":0.03003012345679012,"bolusiob":0.1659731715200001}
