{"iob":0.25100804952888905,"activity":0.01254287317620651,"bolusiob":0}
