{"iob":0.16534847637499578,"activity":0.002595578204264871,"bolusiob":0}
