{"iob":-0.49806375874454917,"activity":-0.0022835450056116727,"bolusiob":0}
