{"iob":-0.25249911212072557,"activity":0.013247306127946128,"bolusiob":0}
