{"iob":-0.2640289408355556,"activity":-0.007241234567901234,"bolusiob":0}
