{"iob":-0.14896375432691358,"activity":-0.00010444444444444444,"bolusiob":0}
