{"iob":1.5943212363022228,"activity":0.03040482603815937,"bolusiob":0.06104133276444444}
