{"iob":-0.639250637341061,"activity":-0.005466621077441077,"bolusiob":0}
