{"iob":0.3347190000000001,"activity":0.013358585858585856,"bolusiob":0}
