{"iob":0.23334673413892798,"activity":0.0066916266778900115,"bolusiob":0}
