{"iob":-0.17772374070644215,"activity":-0.006012059248035913,"bolusiob":0}
