{"iob":-0.5683952921361726,"activity":-0.0044086094949494945,"bolusiob":0}
