{"iob":0.009098248375007743,"activity":-0.002664656958473626,"bolusiob":0}
