{"iob":-0.7075562805061923,"activity":-0.00403372078563412,"bolusiob":0}
