{"iob":-0.3028805809822156,"activity":-0.0061826519640852985,"bolusiob":0}
