{"iob":0.09078792255462026,"activity":0.0065078255892255885,"bolusiob":0}
