{"iob":0.6394531035852509,"activity":0.016091751010101008,"bolusiob":0}
