{"iob":-0.27710817234172813,"activity":0.008803827160493827,"bolusiob":0}
