{"iob":0.18953442290938266,"activity":-0.003414012345679014,"bolusiob":0.6986096355555556}
