{"iob":0.40241847399111125,"activity":0.008093827160493828,"bolusiob":0}
