{"iob":1.5420479079111116,"activity":0.025429854096520765,"bolusiob":0.08321379733333348}
