{"iob":-0.7649856392593575,"activity":-0.005590869147025814,"bolusiob":0}
