{"iob":0.1580767051418508,"activity":0.004039113479236813,"bolusiob":0}
