{"iob":-0.23435209904092433,"activity":-0.0029225511223344557,"bolusiob":0}
