{"iob":0.20177013140417763,"activity":-0.0026375862514029184,"bolusiob":0}
