{"iob":-0.6861283319830868,"activity":-0.004628518518518519,"bolusiob":0}
