{"iob":-0.6460414079684831,"activity":-0.006933151672278338,"bolusiob":0}
