{"iob":0.5214633910922483,"activity":0.0013152586419753086,"bolusiob":0}
