{"iob":0.22455979634131396,"activity":0.00149180874298541,"bolusiob":0}
