{"iob":0.005476499342222141,"activity":0.005723007856341189,"bolusiob":0}
