{"iob":-0.1702946615964494,"activity":-0.004340050505050505,"bolusiob":0}
