{"iob":-0.7915707958355712,"activity":-0.004080387452300786,"bolusiob":0}
