{"iob":4.5817904142222226,"activity":0.017290370370370366,"bolusiob":3.442440014222222}
