{"iob":-0.42946440220715876,"activity":-0.0006356214590347921,"bolusiob":0}
