{"iob":-0.3067301315124594,"activity":-0.002313950987654321,"bolusiob":0}
