{"iob":0.9977530585758027,"activity":0.0077390123456790106,"bolusiob":0.339949687537778}
