{"iob":0.8626904287765816,"activity":0.02015214046015713,"bolusiob":0.48672876444444463}
