{"iob":-0.09977170960990053,"activity":-0.000031957777777777776,"bolusiob":0}
