{"iob":2.847699397357037,"activity":0.06594285072951739,"bolusiob":0.09697669205333335}
