{"iob":1.2861762506609637,"activity":0.010725643164983164,"bolusiob":0.4484029849600001}
