{"iob":0.019537071751111232,"activity":0.008753423120089785,"bolusiob":0}
