{"iob":-0.6462820636172955,"activity":-0.0035732662401795736,"bolusiob":0}
