{"iob":0.24730993163609713,"activity":0.00024118987654320987,"bolusiob":0}
