{"iob":1.398893286341908,"activity":0.011956173456790115,"bolusiob":0.12016211150222238}
