{"iob":1.1858164546844447,"activity":0.027915375982042648,"bolusiob":-0.0003823164800000889}
