{"iob":3.3684755997401705,"activity":0.01809666654320987,"bolusiob":2.3449697860266676}
