{"iob":-0.22797140726360499,"activity":-0.0017996296296296295,"bolusiob":0}
