{"iob":0.0022203876977779256,"activity":0.015374635241301907,"bolusiob":0}
