{"iob":-0.000538376035555177,"activity":0.009943658810325478,"bolusiob":0}
