{"iob":0.269105256740741,"activity":0.028919876543209877,"bolusiob":0}
