{"iob":-0.7325865296412998,"activity":-0.009352572065095401,"bolusiob":0}
