{"iob":1.8564507056355557,"activity":0.003222962962962962,"bolusiob":1.7472909612088887}
