{"iob":3.3399791431111114,"activity":0.03580888888888888,"bolusiob":0.6281760000000004}
