{"iob":-0.26133741189952225,"activity":-0.002255651066217733,"bolusiob":0}
