{"iob":-0.43815709416740756,"activity":-0.005151111111111112,"bolusiob":0}
