{"iob":2.2460698061135806,"activity":0.003822076318742985,"bolusiob":2.0367860952809878}
