{"iob":0.5237281883180247,"activity":0.0013860493827160495,"bolusiob":0.4243711609679012}
