{"iob":-0.41114947758974585,"activity":-0.0065938777328844,"bolusiob":0}
