{"iob":0.08023311260455454,"activity":0.0033867402356902348,"bolusiob":0}
