{"iob":-0.16069858003140053,"activity":-0.0016097226487093157,"bolusiob":0}
