{"iob":-0.7758560721274075,"activity":-0.009426616161616158,"bolusiob":0}
