{"iob":2.176138320481975,"activity":0.006280987654320986,"bolusiob":1.84642988281679}
