{"iob":-0.03563792789000769,"activity":-0.004225325230078563,"bolusiob":0}
