{"iob":-0.2675703018046285,"activity":-0.0033688777216610557,"bolusiob":0}
