{"iob":0.04998856790123457,"activity":0.00000308641975308642,"bolusiob":0}
