{"iob":0.6990602876997533,"activity":0.008273086419753085,"bolusiob":0.1029434868977779}
