{"iob":-0.0447598730982714,"activity":0.010727160493827161,"bolusiob":0}
