{"iob":0.5141616178448178,"activity":-0.0033597299663299675,"bolusiob":0}
