{"iob":-0.05110946752671186,"activity":-0.0021441977777777784,"bolusiob":0}
