{"iob":8.618279911474566,"activity":0.02741827160493827,"bolusiob":7.055922746342716}
