{"iob":-0.5558343802475063,"activity":-0.0016714197530864198,"bolusiob":0}
