{"iob":-0.5143545316207407,"activity":-0.005518602693602694,"bolusiob":0}
