{"iob":-0.2878250357744198,"activity":-0.0006603703703703703,"bolusiob":0}
