{"iob":4.931783843555555,"activity":0.006179259259259258,"bolusiob":4.768333731555556}
