{"iob":-0.6341045024496486,"activity":-0.004132952109988778,"bolusiob":0}
