{"iob":0.000011286062222221062,"activity":-0.00015780022446689121,"bolusiob":0}
