{"iob":0.33313792549161186,"activity":-0.000939328675645342,"bolusiob":0}
