{"iob":8.323712984493827,"activity":0.03418765432098765,"bolusiob":5.922787866864198}
