{"iob":-0.678603236217236,"activity":-0.004423041806958475,"bolusiob":0}
