{"iob":0.07047511807114296,"activity":-0.003076817766554433,"bolusiob":0}
