{"iob":0.8372126260622225,"activity":0.009658518518518518,"bolusiob":0.13137292202666678}
