{"iob":-0.056339602132606206,"activity":-0.0031106057800224466,"bolusiob":0}
