{"iob":-0.07583433688666669,"activity":-0.0028536195286195283,"bolusiob":0}
