{"iob":-0.09614284207072646,"activity":-0.006399437643097644,"bolusiob":0}
