{"iob":-0.6482521466024692,"activity":-0.002951913580246914,"bolusiob":0}
