{"iob":-0.9270889332466669,"activity":-0.008374405162738494,"bolusiob":0}
