{"iob":-0.3067758717524131,"activity":-0.0020973794612794616,"bolusiob":0}
