{"iob":0.11557693773777775,"activity":-0.0007775982042648709,"bolusiob":0}
