{"iob":0.8194838052802018,"activity":0.01648566023569024,"bolusiob":0}
