{"iob":0.34237854976543186,"activity":0.001724233086419753,"bolusiob":0}
