{"iob":-0.19344632891991373,"activity":-0.0025019804938271597,"bolusiob":0}
