{"iob":-0.9038727400277844,"activity":-0.005905885768799103,"bolusiob":0}
