{"iob":-0.00022738651558781853,"activity":-0.0006622078563411897,"bolusiob":0}
