{"iob":0.31287273627199985,"activity":-0.004960634118967453,"bolusiob":0.9540394510222222}
