{"iob":-0.7267263806448262,"activity":-0.0025257408529741855,"bolusiob":0}
