{"iob":-0.3962014153418272,"activity":-0.0016776543209876544,"bolusiob":0}
