{"iob":-0.14117895376785625,"activity":-0.004787608361391696,"bolusiob":0}
