{"iob":-0.002178837301728395,"activity":0.00013308641975308643,"bolusiob":0}
