{"iob":-0.6150827625344393,"activity":-0.0046162460381593716,"bolusiob":0}
