{"iob":1.3129678034499428,"activity":0.023306734175084175,"bolusiob":0.9780631743209877}
