{"iob":-0.6788073049195176,"activity":-0.005321411930415265,"bolusiob":0}
