{"iob":-0.4234028283117566,"activity":-0.004740033860830527,"bolusiob":0}
