{"iob":4.399277048888889,"activity":0.020994074074074068,"bolusiob":2.7539211822222227}
