{"iob":-0.5681047282947704,"activity":-0.008415339887766557,"bolusiob":0}
