{"iob":-0.08647407879111112,"activity":-0.004673625140291807,"bolusiob":0}
