{"iob":4.188555626224198,"activity":0.006113209876543209,"bolusiob":4.464657772847407}
