{"iob":-0.3990063817323455,"activity":0.007766172839506177,"bolusiob":0}
