{"iob":-0.6021587525279013,"activity":-0.005618237934904603,"bolusiob":0}
