{"iob":1.622990054968889,"activity":0.00885259259259259,"bolusiob":0.8807398056533334}
