{"iob":-0.6181542355533437,"activity":-0.004604915129068463,"bolusiob":0}
