{"iob":-0.1870635298277772,"activity":-0.005229048911335578,"bolusiob":0}
