{"iob":-0.16640023354557765,"activity":-0.005934785993265994,"bolusiob":0}
