{"iob":0.009971524053333135,"activity":0.017325925925925925,"bolusiob":0}
