{"iob":4.006721510605433,"activity":0.03637851851851852,"bolusiob":1.6073378119861732}
