{"iob":0.06802239096888876,"activity":0.014049607182940519,"bolusiob":0}
