{"iob":-0.6080187175255505,"activity":-0.0026764816049382714,"bolusiob":0}
