{"iob":-0.04966248043994573,"activity":-0.00379824354657688,"bolusiob":0}
