{"iob":0.10847869440000024,"activity":0.009555555555555557,"bolusiob":0}
