{"iob":0.6551440177777779,"activity":0.0142648709315376,"bolusiob":0}
