{"iob":-0.19268843096852567,"activity":-0.002900136139169472,"bolusiob":0}
