{"iob":0.19260967630222228,"activity":0.01633916947250281,"bolusiob":0}
