{"iob":1.2233285518222223,"activity":0.0424320987654321,"bolusiob":0}
