{"iob":-0.6350240469085509,"activity":-0.00466781608305275,"bolusiob":0}
