{"iob":0.13107605056000005,"activity":0.011081818181818182,"bolusiob":0}
