{"iob":-0.6318366153293828,"activity":-0.009626380471380473,"bolusiob":0}
