{"iob":-0.6264498616874123,"activity":-0.008609101952861953,"bolusiob":0}
