{"iob":3.0571840413155553,"activity":0.053146240179573506,"bolusiob":0.005350685511110176}
