{"iob":-0.6221711757383719,"activity":-0.005945527564534232,"bolusiob":0}
