{"iob":-0.1766103108869181,"activity":-0.0004768601122334454,"bolusiob":0}
