{"iob":0.8198975801244446,"activity":0.013565207631874299,"bolusiob":0.01674774894222224}
