{"iob":0.42604626595555584,"activity":0.011277553310886645,"bolusiob":0}
