{"iob":1.0433123389469248,"activity":0.014518241683501685,"bolusiob":0}
