{"iob":0.9502659939634025,"activity":0.022623972222222226,"bolusiob":0}
