{"iob":-0.3607159602138341,"activity":-0.0015085441638608306,"bolusiob":0}
