{"iob":0.28162206037333354,"activity":0.00830774410774411,"bolusiob":0}
