{"iob":0.2271895881955556,"activity":0.007880246913580248,"bolusiob":0}
