{"iob":2.2259768533866664,"activity":0.049022222222222224,"bolusiob":0}
