{"iob":-0.624694459099852,"activity":-0.005851947250280584,"bolusiob":0}
