{"iob":-0.39369020397525223,"activity":-0.006915308956228956,"bolusiob":0}
