{"iob":0.19846294350757393,"activity":0.00015928185185185186,"bolusiob":0}
