{"iob":1.1084945031111113,"activity":0.02420763187429854,"bolusiob":0}
