{"iob":0.360084403128889,"activity":0.02878428731762065,"bolusiob":0}
