{"iob":-0.13944094892246908,"activity":0.0033459034792368133,"bolusiob":0}
