{"iob":2.689762085009383,"activity":0.015173333333333332,"bolusiob":1.5173026744572842}
