{"iob":0.09313426089827162,"activity":-0.0014614029180695844,"bolusiob":0}
