{"iob":-0.001116476602375821,"activity":-0.0008889907968574637,"bolusiob":0}
