{"iob":-0.5814594812725372,"activity":-0.003180134803591471,"bolusiob":0}
