{"iob":0.4331855230996358,"activity":0.0009027277777777779,"bolusiob":0}
