{"iob":-0.48659453409790066,"activity":-0.0042657920875420864,"bolusiob":0}
