{"iob":-0.660017040280247,"activity":-0.004775297418630753,"bolusiob":0}
