{"iob":0.6380469491358024,"activity":0.007493827160493826,"bolusiob":0.09577623111111105}
