{"iob":-0.6359284367977779,"activity":-0.008577530864197531,"bolusiob":0}
