{"iob":-0.673754047410963,"activity":-0.003301896745230079,"bolusiob":0}
