{"iob":-0.000760290204444436,"activity":-0.0007039281705948375,"bolusiob":0}
