{"iob":2.8215614307871606,"activity":0.017189180695847364,"bolusiob":1.8968434477906178}
