{"iob":-0.026206312206547996,"activity":0.0036071633782267104,"bolusiob":0}
