{"iob":-0.45386600004135796,"activity":-0.0020666049382716046,"bolusiob":0}
