{"iob":2.2300806327782716,"activity":0.004577283950617283,"bolusiob":2.050840198668642}
