{"iob":-0.7166191772932421,"activity":-0.004815011167227835,"bolusiob":0}
