{"iob":-0.5077078664914568,"activity":-0.004885953984287318,"bolusiob":0}
