{"iob":-0.22903652440867903,"activity":-0.0035118265993266,"bolusiob":0}
