{"iob":0.0499488829708642,"activity":0.000010987654320987656,"bolusiob":0}
