{"iob":-0.5982032194460054,"activity":-0.004303834635241301,"bolusiob":0}
