{"iob":0.21219548608,"activity":0.00953939393939394,"bolusiob":0}
