{"iob":3.021124845131852,"activity":0.02284148148148148,"bolusiob":1.0707855544533336}
