{"iob":1.6783328147279013,"activity":0.014810864197530863,"bolusiob":0.4608895304177778}
