{"iob":0.003981767359999944,"activity":0.007968686868686868,"bolusiob":0}
