{"iob":1.052357971946667,"activity":0.026385185185185185,"bolusiob":0}
