{"iob":0.395136042808889,"activity":0.009586307519640853,"bolusiob":0}
