{"iob":1.5609105431111114,"activity":0.03313187429854097,"bolusiob":0}
