{"iob":-0.4886822669398519,"activity":-0.004691969696969696,"bolusiob":0}
