{"iob":1.3169290361520987,"activity":0.01307012345679012,"bolusiob":0.2890764366577779}
