{"iob":0.14124757270123459,"activity":0.0016222222222222224,"bolusiob":0}
