{"iob":-0.8854339252759259,"activity":-0.006918714927048261,"bolusiob":0}
