{"iob":1.3451733399150618,"activity":0.006647777777777776,"bolusiob":0.6508170114133336}
