{"iob":-0.10701853046629548,"activity":-0.002438731638608306,"bolusiob":0}
