{"iob":1.7026953956977782,"activity":0.033960493827160494,"bolusiob":0}
