{"iob":-0.5270140173927715,"activity":-0.0031261866778900115,"bolusiob":0}
