{"iob":-0.24658715470018633,"activity":-0.00027533123456790126,"bolusiob":0}
