{"iob":-0.5438257667437936,"activity":-0.007637110482603815,"bolusiob":0}
