{"iob":-0.41371057530441024,"activity":-0.004830628698092031,"bolusiob":0}
