{"iob":0.9869548981688891,"activity":0.026539506172839507,"bolusiob":0}
