{"iob":-0.6480426998762964,"activity":-0.005553636363636364,"bolusiob":0}
