{"iob":2.1481284966083947,"activity":0.025705679012345672,"bolusiob":0.3075058052977781}
