{"iob":0.4393630751427843,"activity":0.011331523737373735,"bolusiob":0}
