{"iob":-0.010512007849939983,"activity":-0.0008227606397306398,"bolusiob":0}
