{"iob":0.3394399844938271,"activity":0.0041818181818181815,"bolusiob":0.044929848888888874}
