{"iob":-0.19234418702222233,"activity":0.009784197530864201,"bolusiob":0}
