{"iob":0.22543476383999997,"activity":0.007865656565656565,"bolusiob":0}
