{"iob":-0.4003113885969686,"activity":-0.002438602861952862,"bolusiob":0}
