{"iob":0.3395229262365171,"activity":0.010734635286195286,"bolusiob":0}
