{"iob":2.941082777568395,"activity":0.015230751964085298,"bolusiob":2.245610769422222}
