{"iob":-0.2401622224520206,"activity":-0.0013385056116722784,"bolusiob":0}
