{"iob":0.23665272192890457,"activity":-0.0035174627946127964,"bolusiob":0}
