{"iob":-0.27877025030299735,"activity":-0.00044873459034792376,"bolusiob":0}
