{"iob":0.3992751421841228,"activity":0.004566445151515151,"bolusiob":0}
