{"iob":-0.16607548588222226,"activity":-0.00352814253647587,"bolusiob":0}
