{"iob":-0.13115917619578216,"activity":-0.0022717845566778898,"bolusiob":0}
