{"iob":-0.5931402319099753,"activity":-0.005714371492704826,"bolusiob":0}
