{"iob":-0.6570488337287901,"activity":-0.0028332098765432093,"bolusiob":0}
