{"iob":-0.35782794064488505,"activity":-0.005441457317620652,"bolusiob":0}
