{"iob":0.7325231530344656,"activity":0.012987017182940515,"bolusiob":0}
