{"iob":0.4170128373333334,"activity":0.02581077441077441,"bolusiob":0}
