{"iob":-0.1735790658666512,"activity":0.00359477519640853,"bolusiob":0}
