{"iob":0.5660194650311111,"activity":0.020373288439955107,"bolusiob":0}
