{"iob":-0.4950453031913581,"activity":-0.009220499438832772,"bolusiob":0}
