{"iob":-0.2271576390200494,"activity":0.0014869753086419754,"bolusiob":0}
