{"iob":0.8667461744355557,"activity":0.022659034792368127,"bolusiob":0}
