{"iob":-0.21840750853333346,"activity":-0.0067230639730639745,"bolusiob":0}
