{"iob":0.10400939177869761,"activity":-0.007073966835016833,"bolusiob":0}
