{"iob":2.6838045555041985,"activity":0.03881654320987654,"bolusiob":0.44969825767111116}
