{"iob":-0.06872898515665349,"activity":-0.0028661250168350166,"bolusiob":0}
