{"iob":0.10318419000888888,"activity":0.007877890011223344,"bolusiob":0}
