{"iob":-0.4135281876553087,"activity":-0.0014498148148148148,"bolusiob":0}
