{"iob":4.850226876543211,"activity":0.02355281705948372,"bolusiob":2.879342771986174}
