{"iob":-0.08955658749590904,"activity":-0.002373709135802469,"bolusiob":0}
