{"iob":0.2941991438349871,"activity":0.0011529750841750852,"bolusiob":0}
