{"iob":-0.07197480394350614,"activity":0.0033463973063973065,"bolusiob":0}
