{"iob":-0.47047902588851853,"activity":-0.006360084175084175,"bolusiob":0}
