{"iob":-0.10233259049866708,"activity":-0.0006505435129068463,"bolusiob":0}
