{"iob":1.2028988943644452,"activity":0.0308628507295174,"bolusiob":0}
