{"iob":-0.2452623488378616,"activity":-0.00032019432098765436,"bolusiob":0}
