{"iob":-0.8542187451207642,"activity":-0.008815299494949497,"bolusiob":0}
