{"iob":-0.6674352521555558,"activity":-0.006610533108866443,"bolusiob":0}
