{"iob":2.2818460415394872,"activity":0.013906329595959596,"bolusiob":2.0263756751328392}
