{"iob":1.4045357323871819,"activity":0.010519641358024693,"bolusiob":0.2140651350755556}
