{"iob":0.2955487388855098,"activity":0.00035156580246913576,"bolusiob":0}
