{"iob":-0.7269334532198516,"activity":-0.0034363582716049374,"bolusiob":0}
