{"iob":1.6748070451559012,"activity":0.006501216610549945,"bolusiob":1.7622043555555558}
