{"iob":1.3143801326577775,"activity":0.012982760942760942,"bolusiob":0.34983129856}
