{"iob":1.3009095091516047,"activity":0.004435061728395061,"bolusiob":1.0332074801619753}
