{"iob":2.188301944888889,"activity":0.0015481481481481479,"bolusiob":2.163529592888889}
