{"iob":-0.3610707965506837,"activity":-0.004384994523007857,"bolusiob":0}
