{"iob":0.0996932640364814,"activity":0.00004621777777777778,"bolusiob":0}
