{"iob":-0.6477507476103291,"activity":-0.0063766771941638585,"bolusiob":0}
