{"iob":-0.0015650815976007981,"activity":-0.0007380791245791246,"bolusiob":0}
