{"iob":-0.5592892192730393,"activity":-0.0032059948148148152,"bolusiob":0}
