{"iob":-0.2503357934904939,"activity":-0.003912676767676768,"bolusiob":0}
