{"iob":-0.0997232144347578,"activity":-0.00003837753086419753,"bolusiob":0}
