{"iob":0.2698163887644452,"activity":0.040894500561167224,"bolusiob":0}
