{"iob":1.1536268704000003,"activity":0.032460606060606065,"bolusiob":0}
