{"iob":0.10812668533333343,"activity":0.005870370370370372,"bolusiob":0}
