{"iob":0.04194703491045518,"activity":-0.0006599325364758698,"bolusiob":0}
