{"iob":-0.06625181201459385,"activity":-0.0005006736812570143,"bolusiob":0}
