{"iob":-0.293380035602963,"activity":-0.0004309876543209876,"bolusiob":0}
