{"iob":0.6817940792205253,"activity":0.0024968525925925934,"bolusiob":0}
