{"iob":-0.6474704872693039,"activity":-0.006567597508417508,"bolusiob":0}
