{"iob":-0.2940225986637037,"activity":-0.0003891975308641975,"bolusiob":0}
