{"iob":-0.7754522026593995,"activity":-0.008315762210998877,"bolusiob":0}
