{"iob":1.3174004672790127,"activity":0.01453827160493827,"bolusiob":0.22974813084444445}
