{"iob":-0.20878977402679014,"activity":-0.005462261503928171,"bolusiob":0}
