{"iob":0.597155498129251,"activity":0.02515235707070707,"bolusiob":0}
