{"iob":0.0964680361955556,"activity":0.006567115600448935,"bolusiob":0}
