{"iob":3.1665869214972835,"activity":0.010594567901234565,"bolusiob":2.5369837891002467}
