{"iob":0.007033516444444277,"activity":0.011729517396184063,"bolusiob":0}
