{"iob":0.07411402903918017,"activity":0.004940107291666666,"bolusiob":0}
