{"iob":-0.13005797816415943,"activity":0.014696576700336701,"bolusiob":0}
