{"iob":-0.5219569096236294,"activity":-0.0038963860044893385,"bolusiob":0}
