{"iob":0.38405282453333334,"activity":0.007461279461279461,"bolusiob":0}
