{"iob":-0.6224148165773828,"activity":-0.005651240179573513,"bolusiob":0}
