{"iob":-0.023003996864444445,"activity":-0.0025740460157126824,"bolusiob":0}
