{"iob":0.3098174007466668,"activity":0.01132962962962963,"bolusiob":0}
