{"iob":0.0497787952908642,"activity":0.00003123456790123457,"bolusiob":0}
