{"iob":1.4814362076800005,"activity":0.02900707070707071,"bolusiob":0}
