{"iob":0.013672097408157289,"activity":-0.005334696722783391,"bolusiob":0}
