{"iob":0.0710127377777777,"activity":0.019950392817059487,"bolusiob":0}
