{"iob":-0.7572922734582717,"activity":-0.002535381944444445,"bolusiob":0}
