{"iob":1.6928873471288894,"activity":0.040905499438832774,"bolusiob":0}
