{"iob":0.7871561564944657,"activity":0.01490394418630752,"bolusiob":0.005046688533333565}
