{"iob":-0.14405891431474005,"activity":-0.0036448402581369245,"bolusiob":0}
