{"iob":0.2315535684977779,"activity":0.006979012345679014,"bolusiob":0}
