{"iob":-0.1448147730452566,"activity":-0.002961419584736252,"bolusiob":0}
