{"iob":-0.3388589409767901,"activity":-0.0006142592592592593,"bolusiob":0}
