{"iob":3.2500986411298767,"activity":0.030916543209876537,"bolusiob":0.7761487525688892}
