{"iob":-0.33823651670123456,"activity":-0.0006354320987654321,"bolusiob":0}
