{"iob":0.48705201648333973,"activity":0.002214383333333333,"bolusiob":0}
