{"iob":0.9317342768815723,"activity":0.014176866835016838,"bolusiob":0}
