{"iob":-0.41372932323039135,"activity":0.0016156021997755334,"bolusiob":0}
