{"iob":1.1685214357333333,"activity":0.011804444444444444,"bolusiob":0.2483189456}
