{"iob":1.06653599104,"activity":0.0067599999999999995,"bolusiob":0.4837578761600001}
