{"iob":-0.5186058987544545,"activity":-0.0013493213580246916,"bolusiob":0}
