{"iob":-0.5064290042022406,"activity":-0.009494034624017957,"bolusiob":0}
