{"iob":3.0430204299417287,"activity":0.013317418630751966,"bolusiob":2.547542986382222}
