{"iob":0.05141923150222228,"activity":0.005128395061728397,"bolusiob":0}
