{"iob":0.0759027451079839,"activity":0.007701065937149271,"bolusiob":0}
