{"iob":-0.1991574417574081,"activity":0.009317302716049384,"bolusiob":0}
