{"iob":-0.7065411247532142,"activity":-0.005024702951739619,"bolusiob":0}
