{"iob":4.570360083500247,"activity":0.003657283950617283,"bolusiob":4.505824177556542}
