{"iob":0.9979930338765433,"activity":0.007735802469135801,"bolusiob":0.3403798782222224}
