{"iob":0.328369683768889,"activity":0.018079910213243545,"bolusiob":0}
