{"iob":-0.6469863804989334,"activity":-0.006175756879910214,"bolusiob":0}
