{"iob":3.203578054522469,"activity":0.0094714253647587,"bolusiob":2.981102167672099}
