{"iob":1.251268463928889,"activity":0.002908148148148148,"bolusiob":1.1244630610488888}
