{"iob":1.8980854947713581,"activity":0.0004128395061728394,"bolusiob":1.8950944626409876}
