{"iob":-0.2715002934532193,"activity":-0.0009619746689113355,"bolusiob":0}
