{"iob":-0.6617997424333334,"activity":-0.008655218855218857,"bolusiob":0}
