{"iob":1.4419779450311112,"activity":0.032411672278338945,"bolusiob":0}
