{"iob":0.042375104094650645,"activity":0.002748877384960719,"bolusiob":0}
