{"iob":3.7589903991466667,"activity":0.008551111111111112,"bolusiob":3.3929735645866663}
