{"iob":1.852896166435555,"activity":0.013334994388327723,"bolusiob":1.71548123904}
