{"iob":0.1439458138311112,"activity":0.006238271604938272,"bolusiob":0}
