{"iob":-0.8355617613365435,"activity":-0.008597182940516273,"bolusiob":0}
