{"iob":-0.21833211633055968,"activity":-0.0066498259932659945,"bolusiob":0}
