{"iob":-0.5572951929846077,"activity":0.0026867368125701474,"bolusiob":0}
