{"iob":-0.01256279652723086,"activity":0.004618370437710438,"bolusiob":0}
