{"iob":0.002887794155051815,"activity":0.0012882254769921442,"bolusiob":0}
