{"iob":-0.8899052966548612,"activity":-0.00921494507295174,"bolusiob":0}
