{"iob":3.9226337224059273,"activity":0.07126693602693601,"bolusiob":0.2136717111466667}
