{"iob":-0.22879264604819607,"activity":-0.0007976312345679013,"bolusiob":0}
