{"iob":-0.6160011287155842,"activity":-0.006166431537598205,"bolusiob":0}
