{"iob":0.4524429610666668,"activity":0.012922558922558922,"bolusiob":0}
