{"iob":-0.555721579041323,"activity":-0.004105744264870931,"bolusiob":0}
