{"iob":3.3244384,"activity":0.005666666666666665,"bolusiob":3.1355343999999996}
