{"iob":-0.7176631680187655,"activity":-0.0035148765432098765,"bolusiob":0}
