{"iob":1.5638051609639507,"activity":0.01611371492704826,"bolusiob":0.3504489245155556}
