{"iob":-0.0007140959288888693,"activity":-0.0007007856341189676,"bolusiob":0}
