{"iob":1.556311919338471,"activity":-0.005054674219977556,"bolusiob":1.4854832832}
