{"iob":1.210400166318947,"activity":0.011141863860830525,"bolusiob":0.3596008065066666}
