{"iob":-0.33368520739257707,"activity":-0.0007477602469135802,"bolusiob":0}
