{"iob":-0.12019488388946911,"activity":0.004224912424242425,"bolusiob":0}
