{"iob":0.4367030209145497,"activity":-0.00018863006734006713,"bolusiob":0}
