{"iob":-0.8416106965445451,"activity":-0.008758397194163863,"bolusiob":0}
