{"iob":-0.10283144200649375,"activity":-0.003987990684624018,"bolusiob":0}
