{"iob":-0.5150040623229629,"activity":-0.002289876543209876,"bolusiob":0}
