{"iob":-0.8913307244496296,"activity":-0.008317008978675645,"bolusiob":0}
