{"iob":8.143008367597037,"activity":0.04798222222222221,"bolusiob":4.011922252610371}
