{"iob":-0.015312754178619038,"activity":-0.001623773120089787,"bolusiob":0}
