{"iob":-0.7118688723069138,"activity":-0.006277789001122333,"bolusiob":0}
