{"iob":0.8742179526508772,"activity":0.017228543153759813,"bolusiob":0.01329918755555548}
