{"iob":-0.44926225219862237,"activity":-0.004116902312008979,"bolusiob":0}
