{"iob":-0.4318909535030879,"activity":-0.003911386700336701,"bolusiob":0}
