{"iob":-0.4272108389087406,"activity":-0.004615757542087542,"bolusiob":0}
