{"iob":-0.04979844020938272,"activity":-0.000029382716049382718,"bolusiob":0}
