{"iob":-0.6270881134399847,"activity":-0.004906217037037038,"bolusiob":0}
