{"iob":-0.053252192481975304,"activity":0.00011320987654320989,"bolusiob":0}
