{"iob":-0.5881986767204311,"activity":-0.004977182615039281,"bolusiob":0}
