{"iob":-0.634244856744581,"activity":-0.005192457216610551,"bolusiob":0}
