{"iob":0.09931091306666685,"activity":0.02067609427609428,"bolusiob":0}
