{"iob":0.00012702197333324116,"activity":0.005526936026936028,"bolusiob":0}
