{"iob":0.2785795383466668,"activity":0.01748013468013468,"bolusiob":0}
