{"iob":-0.12777963456299113,"activity":-0.0010821101683501687,"bolusiob":0}
