{"iob":0.07576522752561714,"activity":0.011218604320987655,"bolusiob":0}
