{"iob":0.2049819395462072,"activity":0.0010791266891133568,"bolusiob":0}
