{"iob":-0.290182026694321,"activity":0.005714960718294054,"bolusiob":0}
