{"iob":-0.7901361428000002,"activity":-0.0046912738496071825,"bolusiob":0}
