{"iob":0.8937642462549212,"activity":0.0023844354769921436,"bolusiob":0}
