{"iob":0.7038409639506172,"activity":0.006753086419753086,"bolusiob":0.16529036444444445}
