{"iob":-0.36461800163661207,"activity":-0.006256010168350168,"bolusiob":0}
