{"iob":-0.2725100259381625,"activity":-0.00025007269360269356,"bolusiob":0}
