{"iob":0.37648825804641983,"activity":0.0038247474747474743,"bolusiob":0.07913178862222225}
