{"iob":0.6775058025747401,"activity":-0.0013556208754208759,"bolusiob":0}
