{"iob":-0.09971319150617283,"activity":-0.00004135802469135803,"bolusiob":0}
