{"iob":-0.1643929341769033,"activity":-0.004136277272727275,"bolusiob":0}
