{"iob":0.7661298926039177,"activity":0.0168829968013468,"bolusiob":0}
