{"iob":0.4369047557586485,"activity":-0.0006068567789001123,"bolusiob":0}
