{"iob":-0.023020552640000004,"activity":-0.0020792929292929294,"bolusiob":0}
