{"iob":0.23528058360888893,"activity":0.02673714927048261,"bolusiob":0}
