{"iob":-0.009192749439999993,"activity":-0.0017863636363636367,"bolusiob":0}
