{"iob":-0.5883432423387654,"activity":-0.005565505050505051,"bolusiob":0}
