{"iob":1.0153836913954413,"activity":0.018149163490460155,"bolusiob":0.07293412088888895}
