{"iob":0.18728518364444452,"activity":0.006163860830527498,"bolusiob":0}
