{"iob":2.3629469951288895,"activity":0.04494590347923681,"bolusiob":0.0012090759822224848}
