{"iob":1.5784830530844445,"activity":0.005407407407407407,"bolusiob":1.2499844790044445}
