{"iob":0.39817571579653077,"activity":0.006729510639730639,"bolusiob":0}
