{"iob":-0.648086465957731,"activity":-0.006734174388327723,"bolusiob":0}
