{"iob":-0.6406125092555849,"activity":-0.009057424242424244,"bolusiob":0}
