{"iob":-0.8429809055223778,"activity":-0.009211065993265995,"bolusiob":0}
