{"iob":0.7526140562488889,"activity":0.010534814814814815,"bolusiob":0.06846621877333318}
