{"iob":-0.19657985756052165,"activity":-0.002395746228956229,"bolusiob":0}
