{"iob":-0.37181627660300365,"activity":-0.001130741111111111,"bolusiob":0}
