{"iob":0.1433093883498087,"activity":-0.006131435970819304,"bolusiob":0}
