{"iob":0.3418238366035384,"activity":-0.00022775218855218874,"bolusiob":0}
