{"iob":-0.632818123282963,"activity":-0.0035890011223344565,"bolusiob":0}
