{"iob":-0.4401546152538496,"activity":-0.006423939595959596,"bolusiob":0}
