{"iob":-0.562072755880741,"activity":-0.009459040404040404,"bolusiob":0}
