{"iob":4.292021454222222,"activity":0.014140740740740738,"bolusiob":3.4623649635555553}
