{"iob":0.4112907857066668,"activity":0.009183164983164984,"bolusiob":0}
