{"iob":0.11844079275012345,"activity":-0.0002997867564534236,"bolusiob":0}
