{"iob":-0.048039673930901056,"activity":0.0028632289225589227,"bolusiob":0}
