{"iob":0.08254249386666668,"activity":0.005154882154882154,"bolusiob":0}
