{"iob":2.7654410216928396,"activity":0.018040987654320988,"bolusiob":1.2081829509688886}
