{"iob":0.6935994149688889,"activity":0.026931425364758697,"bolusiob":0}
