{"iob":0.08312356522666658,"activity":0.010307407407407407,"bolusiob":0}
