{"iob":-0.8571816539234569,"activity":-0.008700583613916945,"bolusiob":0}
