{"iob":0.024581377777777535,"activity":0.016907968574635238,"bolusiob":0}
