{"iob":1.6067782764444447,"activity":0.009289898989898989,"bolusiob":0.9634694240000002}
