{"iob":-0.6533202129664197,"activity":-0.0015671875000000002,"bolusiob":0}
