{"iob":-0.04425205631021943,"activity":-0.00220419938271605,"bolusiob":0}
