{"iob":1.8363543378047407,"activity":0.032866857340067335,"bolusiob":0.21902546602666675}
