{"iob":-0.2095179180649741,"activity":-0.008941890684624018,"bolusiob":0}
