{"iob":-0.6754596015109876,"activity":-0.004236734006734006,"bolusiob":0}
