{"iob":-0.3371867613312346,"activity":-0.0011719921436588103,"bolusiob":0}
