{"iob":-0.024212006981220224,"activity":-0.00066487076318743,"bolusiob":0}
