{"iob":1.0873330552147056,"activity":0.022194805274971943,"bolusiob":0.8566817224691358}
