{"iob":-0.2639405688355854,"activity":-0.004349276105499439,"bolusiob":0}
