{"iob":-0.6238537629264197,"activity":-0.0024127777777777776,"bolusiob":0}
