{"iob":-0.31685518139152424,"activity":-0.001964820538720539,"bolusiob":0}
