{"iob":-0.0964697820588098,"activity":-0.0030084266554433227,"bolusiob":0}
