{"iob":0.3346439338666667,"activity":0.0071750841750841746,"bolusiob":0}
