{"iob":2.7363994520888895,"activity":0.046945903479236814,"bolusiob":0.06329716622222196}
