{"iob":1.0775405390064199,"activity":0.0017464197530864195,"bolusiob":1.0218058858034569}
