{"iob":4.422037656240987,"activity":0.010472098765432097,"bolusiob":3.9579702018528393}
