{"iob":-0.7623285159525928,"activity":-0.006643866442199775,"bolusiob":0}
