{"iob":1.608288370858561,"activity":0.009044177103174603,"bolusiob":0.6986129224217283}
