{"iob":-0.8007660691422457,"activity":-0.004700892502805837,"bolusiob":0}
