{"iob":0.6531331341547799,"activity":0.023760045061728397,"bolusiob":0}
