{"iob":1.2325580036977781,"activity":0.024952413019079685,"bolusiob":0}
