{"iob":1.2449249391209878,"activity":0.019243501683501682,"bolusiob":0.09203721628444442}
