{"iob":-0.19699793328892007,"activity":-0.00022858925925925926,"bolusiob":0}
