{"iob":1.939676659435062,"activity":0.011266857463524129,"bolusiob":1.048092508515556}
