{"iob":3.131311533526914,"activity":0.023613086419753085,"bolusiob":1.3925583083298767}
