{"iob":-0.4358411283579481,"activity":-0.0007865660493827162,"bolusiob":0}
