{"iob":0.19646072798360953,"activity":-0.004166733221099888,"bolusiob":0}
