{"iob":-0.04995815668938272,"activity":-0.000009382716049382715,"bolusiob":0}
