{"iob":-0.7188849819128396,"activity":-0.005506846240179573,"bolusiob":0}
