{"iob":1.859568366062223,"activity":0.04700179573512907,"bolusiob":0}
