{"iob":-0.6449507231973628,"activity":-0.005962006767676769,"bolusiob":0}
