{"iob":0.6766938124444447,"activity":0.016142985409652078,"bolusiob":0}
