{"iob":0.015741396063304318,"activity":0.002434895993265993,"bolusiob":0}
