{"iob":-0.658420249658872,"activity":-0.004342014534231202,"bolusiob":0}
