{"iob":-0.5439596600280869,"activity":-0.0097704598989899,"bolusiob":0}
