{"iob":0.4502080430542396,"activity":0.013439928731762064,"bolusiob":0}
