{"iob":1.7716715260163425,"activity":0.00964472465768799,"bolusiob":1.421095587555556}
