{"iob":0.5442231752533337,"activity":0.02243703703703704,"bolusiob":0}
