{"iob":-0.5467980033470331,"activity":-0.0076252364870931545,"bolusiob":0}
