{"iob":-0.22956782184803448,"activity":-0.000658239955106622,"bolusiob":0}
