{"iob":0.8119860038911509,"activity":0.007428477321428571,"bolusiob":0}
