{"iob":0.6914560511288892,"activity":0.03282469135802469,"bolusiob":0}
