{"iob":1.8974311529876546,"activity":0.028249382716049376,"bolusiob":0.1395467591111111}
