{"iob":0.641600265813334,"activity":0.04751582491582492,"bolusiob":0}
