{"iob":0.7662944742867444,"activity":0.02661212138047138,"bolusiob":0}
