{"iob":-0.06024430799621076,"activity":-0.0007853099663299662,"bolusiob":0}
