{"iob":0.4115626666666667,"activity":0.021119528619528618,"bolusiob":0}
