{"iob":-0.002086637973333333,"activity":-0.0010811447811447815,"bolusiob":0}
