{"iob":3.3929735645866663,"activity":0.017102222222222224,"bolusiob":2.0034902076799996}
