{"iob":1.8089166268523456,"activity":0.0130958024691358,"bolusiob":0.6839910989155557}
