{"iob":-0.33277866399098033,"activity":-0.004693216913580247,"bolusiob":0}
