{"iob":1.8236686746864197,"activity":0.007130864197530864,"bolusiob":1.342217596523457}
