{"iob":-0.4968220645861341,"activity":-0.003163367957351291,"bolusiob":0}
