{"iob":-0.2986319508603065,"activity":-0.00271272177328844,"bolusiob":0}
