{"iob":1.3783169607406711,"activity":0.010122716487093153,"bolusiob":0.3010147231999999}
