{"iob":-0.4887784967926439,"activity":-0.006385575151515152,"bolusiob":0}
