{"iob":2.5035169212977095,"activity":0.010945476621773288,"bolusiob":2.708754540910617}
