{"iob":-0.09853248571290041,"activity":0.002419580998877666,"bolusiob":0}
