{"iob":0.6318817602681939,"activity":0.015527762637485969,"bolusiob":0}
