{"iob":0.9694207006540985,"activity":0.015753416711560046,"bolusiob":0.03659404853333331}
