{"iob":-0.21418213704051892,"activity":-0.00010308845117845129,"bolusiob":0}
