{"iob":-0.3862434866725927,"activity":-0.0007483950617283951,"bolusiob":0}
