{"iob":0.22634002142230636,"activity":-0.0011594358810325476,"bolusiob":0}
