{"iob":-0.3445778844677187,"activity":-0.0017213583950617284,"bolusiob":0}
