{"iob":-0.5328251634816057,"activity":0.013951148563411888,"bolusiob":0}
