{"iob":0.0751687084987655,"activity":0.009472508417508416,"bolusiob":0}
