{"iob":1.247389567146667,"activity":0.027632659932659932,"bolusiob":0}
