{"iob":-0.33774161615012344,"activity":-0.0004208529741863071,"bolusiob":0}
