{"iob":-0.37260699139345677,"activity":-0.0016331144781144783,"bolusiob":0}
