{"iob":3.5198924797866677,"activity":0.0552422558922559,"bolusiob":0.11393617884444485}
