{"iob":-0.8575555747752841,"activity":-0.009272629405162738,"bolusiob":0}
