{"iob":0.762490593817284,"activity":0.0060197530864197525,"bolusiob":0.25264405724444444}
