{"iob":3.8905883805550623,"activity":0.008549382716049382,"bolusiob":3.3193539666646914}
