{"iob":-0.0248377045938451,"activity":-0.0005150616049382716,"bolusiob":0}
