{"iob":-0.0021306681599999933,"activity":-0.0010835016835016838,"bolusiob":0}
