{"iob":-0.24448385228641972,"activity":0.0005397306397306399,"bolusiob":0}
