{"iob":1.1927439816615641,"activity":0.02283721352413019,"bolusiob":0.9305422261728395}
