{"iob":-0.5407089856380248,"activity":-0.005546453423120089,"bolusiob":0}
