{"iob":1.4449936643160493,"activity":0.01305679012345679,"bolusiob":0.38019143751111106}
