{"iob":-0.31810804939973053,"activity":-0.0028303589225589236,"bolusiob":0}
