{"iob":0.31529636908636605,"activity":-0.00423829152637486,"bolusiob":0}
