{"iob":-0.17777623265777784,"activity":-0.006184399551066219,"bolusiob":0}
