{"iob":-0.623278751122716,"activity":-0.0033789337822671154,"bolusiob":0}
