{"iob":0.09760146888492664,"activity":-0.003443854803591471,"bolusiob":0}
