{"iob":-0.10791455986617024,"activity":-0.002217902974186308,"bolusiob":0}
