{"iob":-0.03316518404222225,"activity":-0.0023513748597081933,"bolusiob":0}
