{"iob":0.21228803555555564,"activity":0.006358024691358025,"bolusiob":0}
