{"iob":2.4716322349195066,"activity":0.021979753086419748,"bolusiob":0.6784217807644447}
