{"iob":-0.8067450531694095,"activity":-0.006732856666666668,"bolusiob":0}
