{"iob":-0.06521186103777779,"activity":-0.00406175645342312,"bolusiob":0}
