{"iob":-0.010465354399999998,"activity":-0.0007478114478114478,"bolusiob":0}
