{"iob":2.362661651120988,"activity":0.019906172839506173,"bolusiob":0.805840502755556}
