{"iob":2.0371100827733337,"activity":0.009378507295173961,"bolusiob":1.3600579128888892}
