{"iob":-0.4624146807329236,"activity":0.0009134793490460156,"bolusiob":0}
