{"iob":-0.8486069630271655,"activity":-0.008615588832772168,"bolusiob":0}
