{"iob":1.6725315656281337,"activity":0.0025967288888888882,"bolusiob":1.0288018133333334}
