{"iob":-0.8210510310584129,"activity":-0.008716706397306396,"bolusiob":0}
