{"iob":-0.660460054764489,"activity":-0.006136723120089787,"bolusiob":0}
