{"iob":0.9841997882735416,"activity":0.023666024253647593,"bolusiob":0}
