{"iob":1.396481607608889,"activity":0.038858361391694726,"bolusiob":0}
