{"iob":-0.714842985286176,"activity":-0.005976853030303031,"bolusiob":0}
