{"iob":-0.12088998901089007,"activity":0.0014086473063973073,"bolusiob":0}
