{"iob":3.1349938861709856,"activity":0.02100010088664421,"bolusiob":1.7391473220266669}
