{"iob":0.7866773499269141,"activity":0.03319511223344557,"bolusiob":0}
