{"iob":0.011699714028011163,"activity":0.01607400671156005,"bolusiob":0}
