{"iob":0.20538035157214737,"activity":0.002342712962962963,"bolusiob":0}
