{"iob":1.3710197559308643,"activity":0.009189382716049382,"bolusiob":0.5788118620444445}
