{"iob":-0.12049498847241008,"activity":-0.004461874074074074,"bolusiob":0}
