{"iob":1.556025088602785,"activity":0.006427946621773286,"bolusiob":0.6158244661333336}
