{"iob":0.19196034195215422,"activity":0.007641726101190476,"bolusiob":0}
