{"iob":-0.07634542855485867,"activity":-0.006300768653198653,"bolusiob":0}
