{"iob":2.264690545382716,"activity":0.0030950617283950614,"bolusiob":2.1793975770864193}
