{"iob":-0.023631966648802176,"activity":-0.001023325948372615,"bolusiob":0}
