{"iob":-0.25251516521736916,"activity":-0.003280639786756453,"bolusiob":0}
