{"iob":1.172046706718025,"activity":0.008035802469135803,"bolusiob":0.9871832454320988}
