{"iob":-0.0293752406815488,"activity":-0.00047802456790123457,"bolusiob":0}
