{"iob":-0.7166512796406475,"activity":-0.007036260415263749,"bolusiob":0}
