{"iob":0.2342240991355018,"activity":0.001314369191919192,"bolusiob":0}
