{"iob":-0.5069135191608889,"activity":0.006615925925925924,"bolusiob":0}
