{"iob":0.010254274631110949,"activity":0.016079349046015715,"bolusiob":0}
