{"iob":-0.057049956941514816,"activity":-0.0026858304713804717,"bolusiob":0}
