{"iob":0.28839262149169526,"activity":0.0029337660493827153,"bolusiob":0}
