{"iob":0.030904809671111245,"activity":0.018509988776655443,"bolusiob":0}
