{"iob":-0.1470858354725926,"activity":-0.00021592592592592594,"bolusiob":0}
