{"iob":0.656528178011352,"activity":0.0030283340740740743,"bolusiob":0}
