{"iob":0.26207001350248826,"activity":0.005049526980920316,"bolusiob":0}
