{"iob":-0.23933514367901235,"activity":-0.0005515432098765432,"bolusiob":0}
