{"iob":0.21826117781333362,"activity":0.021497643097643102,"bolusiob":0}
