{"iob":1.4363165208888893,"activity":0.026081930415263747,"bolusiob":-0.0004824675555558988}
