{"iob":1.0994983558479012,"activity":0.00012493827160493825,"bolusiob":1.0988264118360496}
