{"iob":-0.42928815813099175,"activity":-0.0009799834567901235,"bolusiob":0}
