{"iob":0.410059287577284,"activity":0.003423086419753086,"bolusiob":0.12245013528888893}
