{"iob":0.3284481789866667,"activity":0.00913063973063973,"bolusiob":0}
