{"iob":-0.0362683996007156,"activity":-0.002384110662177329,"bolusiob":0}
