{"iob":-0.31513285472924657,"activity":0.00030909634118967484,"bolusiob":0}
