{"iob":-0.6476481809802129,"activity":-0.0068914007070707065,"bolusiob":0}
