{"iob":-0.7291735179460389,"activity":-0.006295889315375982,"bolusiob":0}
