{"iob":0.6136715974202415,"activity":0.013926498148148147,"bolusiob":0}
