{"iob":-0.5689783667521976,"activity":-0.005405897867564534,"bolusiob":0}
