{"iob":0.21460589725829943,"activity":0.0015741496632996634,"bolusiob":0}
