{"iob":-0.1474466764088889,"activity":-0.00019777777777777778,"bolusiob":0}
