{"iob":-0.702546184604636,"activity":-0.005599970426487094,"bolusiob":0}
