{"iob":1.5441949836800004,"activity":0.02663838383838384,"bolusiob":0.017102286720000248}
