{"iob":-0.5106371772434568,"activity":-0.0015043827160493828,"bolusiob":0}
