{"iob":-0.5509957408932346,"activity":0.005459012345679015,"bolusiob":0}
