{"iob":-0.5108439111454314,"activity":-0.0026616670370370366,"bolusiob":0}
