{"iob":0.6766046729426345,"activity":0.005740512351190478,"bolusiob":0}
