{"iob":0.025929921232592634,"activity":0.0017256790123456795,"bolusiob":0}
