{"iob":-0.5617647879172839,"activity":-0.004310617283950618,"bolusiob":0}
