{"iob":7.6651496975170375,"activity":0.055168888888888885,"bolusiob":3.0070399882903702}
