{"iob":0.07740738853246226,"activity":-0.010380645575396825,"bolusiob":0}
