{"iob":-0.41175520066370375,"activity":-0.0013648372615039284,"bolusiob":0}
