{"iob":0.9033836150725221,"activity":0.017671605106621774,"bolusiob":0}
