{"iob":0.36483410773333347,"activity":0.01224915824915825,"bolusiob":0}
