{"iob":-0.8352889752373005,"activity":-0.008836262233445566,"bolusiob":0}
