{"iob":-0.3416348931016868,"activity":-0.007622180179573513,"bolusiob":0}
