{"iob":-0.00011359807999998806,"activity":-0.0004912457912457914,"bolusiob":0}
