{"iob":1.0806587466666668,"activity":0.030008417508417505,"bolusiob":0}
