{"iob":0.599630516664611,"activity":0.019835600819304154,"bolusiob":0}
