{"iob":0.18545463200000006,"activity":0.006611111111111111,"bolusiob":0}
