{"iob":0.23536966549438404,"activity":0.010325140011223345,"bolusiob":0}
