{"iob":-0.1488078266008429,"activity":-0.0001212795061728395,"bolusiob":0}
