{"iob":-0.7208318432497111,"activity":-0.006807249584736253,"bolusiob":0}
