{"iob":0.4891256946883951,"activity":0.002200864197530864,"bolusiob":0.30863076393086425}
