{"iob":0.5572745068444446,"activity":0.01529450056116723,"bolusiob":0}
