{"iob":0.7040169498956338,"activity":0.0171898317620651,"bolusiob":0}
