{"iob":-0.40425821507928633,"activity":-0.004545926116722784,"bolusiob":0}
