{"iob":3.848732919728932,"activity":0.01491125741863075,"bolusiob":2.865268850536296}
