{"iob":1.2922725670400002,"activity":0.000982222222222222,"bolusiob":1.2756389401600001}
