{"iob":0.14922891591586673,"activity":0.00009457925925925925,"bolusiob":0}
