{"iob":-0.42561461383696547,"activity":-0.0052212515937149285,"bolusiob":0}
