{"iob":0.056488191549629724,"activity":0.011490246913580252,"bolusiob":0}
