{"iob":-0.02768207569037079,"activity":-0.005509324882154884,"bolusiob":0}
