{"iob":1.2789459302772903,"activity":0.01607416910213243,"bolusiob":0.28718516355555557}
