{"iob":2.9166552687565432,"activity":0.015631604938271603,"bolusiob":1.613713634631111}
