{"iob":2.0225118603377776,"activity":0.009694074074074072,"bolusiob":1.2562585329066667}
