{"iob":1.1171312468424692,"activity":0.008340852974186307,"bolusiob":0.9472116528987655}
