{"iob":0.3457422483911111,"activity":0.010691806958473627,"bolusiob":0}
