{"iob":-0.5301838045298767,"activity":-0.005533961840628507,"bolusiob":0}
