{"iob":0.19840940206367744,"activity":0.00016541530864197531,"bolusiob":0}
