{"iob":1.4489383124951192,"activity":0.014172788630751965,"bolusiob":0.5325848}
