{"iob":-0.2807696757297642,"activity":-0.0031028171156004493,"bolusiob":0}
