{"iob":-0.6075988027891519,"activity":-0.004279090213243547,"bolusiob":0}
