{"iob":2.28578752246321,"activity":0.0018090347923681253,"bolusiob":2.145774786243951}
