{"iob":-0.004673403342222215,"activity":-0.0013406846240179577,"bolusiob":0}
