{"iob":-0.4563261113932786,"activity":-0.009392934736251402,"bolusiob":0}
