{"iob":0.11765218069679223,"activity":-0.0012780874859708194,"bolusiob":0}
