{"iob":0.007683678641096037,"activity":-0.001305474287317621,"bolusiob":0}
