{"iob":-0.6548239427739396,"activity":-0.007513967575757573,"bolusiob":0}
