{"iob":1.3452108195433563,"activity":0.013565929124579124,"bolusiob":0.18470128320000007}
