{"iob":-0.5558735789040989,"activity":-0.00585737822671156,"bolusiob":0}
