{"iob":-0.4601595318940805,"activity":-0.0035946190235690238,"bolusiob":0}
