{"iob":-0.0001296363199999873,"activity":-0.0004942760942760944,"bolusiob":0}
