{"iob":-0.38241118056987655,"activity":-0.0008312962962962962,"bolusiob":0}
