{"iob":0.9813301423644446,"activity":0.029283052749719415,"bolusiob":0}
