{"iob":0.000312272497777677,"activity":0.0036456790123456794,"bolusiob":0}
