{"iob":0.11836544193530864,"activity":-0.0005321099887766553,"bolusiob":0}
