{"iob":-0.09906218012444445,"activity":-0.00009481481481481481,"bolusiob":0}
