{"iob":0.5334847309511112,"activity":0.014956453423120089,"bolusiob":0}
