{"iob":-0.49526458565909504,"activity":-0.006924012592592593,"bolusiob":0}
