{"iob":-0.030773480957259312,"activity":-0.001992483389450057,"bolusiob":0}
