{"iob":2.401542845526914,"activity":0.028694567901234563,"bolusiob":0.4584328335644443}
