{"iob":0.3320796410311114,"activity":0.023118742985409654,"bolusiob":0}
