{"iob":-0.34646730431375433,"activity":-0.0026067228956228954,"bolusiob":0}
