{"iob":-0.42728692090342313,"activity":-0.0010587655555555553,"bolusiob":0}
