{"iob":-0.6166029653507161,"activity":-0.00250037037037037,"bolusiob":0}
