{"iob":4.1437084506706165,"activity":0.01746864197530864,"bolusiob":2.891300732460247}
