{"iob":0.2883520274488892,"activity":0.024121661054994394,"bolusiob":0}
