{"iob":0.2861434844444447,"activity":0.011571268237934907,"bolusiob":0}
