{"iob":-0.08793256542099384,"activity":-0.00008392283950617286,"bolusiob":0}
