{"iob":-0.024536244884873423,"activity":-0.001431503254769922,"bolusiob":0}
