{"iob":0.012647852167901229,"activity":-0.0004188888888888889,"bolusiob":0}
