{"iob":-0.0035528002252014695,"activity":-0.0009712601010101012,"bolusiob":0}
