{"iob":-0.13056086284049329,"activity":0.024436161616161623,"bolusiob":0}
