{"iob":1.1760229385955556,"activity":0.004834074074074074,"bolusiob":0.8363214930488889}
