{"iob":-0.3080309900483951,"activity":-0.0037577665544332216,"bolusiob":0}
