{"iob":-0.2705040479224638,"activity":-0.0026198950617283955,"bolusiob":0}
