{"iob":0.7041331899265874,"activity":0.0019190748148148148,"bolusiob":0}
