{"iob":0.4287755022222224,"activity":0.007704826038159372,"bolusiob":0.00012983111111097845}
