{"iob":0.3243960723628782,"activity":0.0020597340965207633,"bolusiob":0}
