{"iob":0.30009866812049385,"activity":0.004531818181818182,"bolusiob":0.020719095288888933}
