{"iob":0.3906411031111112,"activity":0.023838945005611678,"bolusiob":0}
