{"iob":-0.2738303457511112,"activity":0.007153529741863074,"bolusiob":0}
