{"iob":0.05775485753882843,"activity":0.002933445286195287,"bolusiob":0}
