{"iob":-0.3234309993161272,"activity":-0.005721917362514029,"bolusiob":0}
