{"iob":1.33918307833679,"activity":0.0033980246913580237,"bolusiob":1.1793876235693828}
