{"iob":-0.4442195939815461,"activity":-0.004928821739618407,"bolusiob":0}
