{"iob":-0.2247940826743704,"activity":0.0018916442199775534,"bolusiob":0}
