{"iob":-0.5116614956501969,"activity":-0.0024012787654320985,"bolusiob":0}
