{"iob":0.11066474791827159,"activity":-0.00010919753086419787,"bolusiob":0}
