{"iob":0.006294587038233613,"activity":0.001726170538720539,"bolusiob":0}
