{"iob":-0.5381143845773213,"activity":0.0050172465993266,"bolusiob":0}
