{"iob":0.06666023015758396,"activity":0.0009739716161616163,"bolusiob":0}
