{"iob":3.5211480325372837,"activity":0.027509135802469133,"bolusiob":1.1862180219022223}
