{"iob":4.6065851337165435,"activity":0.02793407407407407,"bolusiob":2.435767074208395}
