{"iob":3.210402918494815,"activity":0.009395555555555553,"bolusiob":2.704253721979259}
