{"iob":-0.41802110773709017,"activity":-0.0013141977777777778,"bolusiob":0}
