{"iob":-0.762210905856104,"activity":-0.0063302247923681275,"bolusiob":0}
