{"iob":-0.9024529558809145,"activity":-0.009267896868686865,"bolusiob":0}
