{"iob":-0.29813837564572543,"activity":-0.004636266520763188,"bolusiob":0}
