{"iob":0.17998011150222284,"activity":0.02237081930415264,"bolusiob":0}
