{"iob":0.06924888903111127,"activity":0.018472278338945006,"bolusiob":0}
