{"iob":-0.3125171159878853,"activity":-0.0011728149046015713,"bolusiob":0}
