{"iob":0.7765980602311114,"activity":0.022009652076318748,"bolusiob":0}
