{"iob":-0.09739692481708272,"activity":-0.000017031705948371896,"bolusiob":0}
