{"iob":-0.5693464234112964,"activity":-0.006558838383838385,"bolusiob":0}
