{"iob":0.4664737098350617,"activity":0.002606913580246913,"bolusiob":0.2375336753777778}
