{"iob":2.8183020513343204,"activity":0.01723506172839506,"bolusiob":1.3373139862755559}
