{"iob":0.3671196546844443,"activity":0.013190123456790125,"bolusiob":0}
