{"iob":0.03911486577777765,"activity":0.006796857463524131,"bolusiob":0}
