{"iob":-0.027463264007753126,"activity":-0.0020929349046015723,"bolusiob":0.30662994666666676}
