{"iob":-0.11221078000000005,"activity":-0.005161447811447813,"bolusiob":0}
