{"iob":0.6186545917494325,"activity":0.01894452396184063,"bolusiob":0}
