{"iob":0.9601069874473189,"activity":0.003386167048260382,"bolusiob":0}
