{"iob":-0.08187746289036932,"activity":-0.003598203928170595,"bolusiob":0}
