{"iob":-0.2813149722232045,"activity":-0.007869943041526375,"bolusiob":0}
