{"iob":0.28069563697777783,"activity":0.006837261503928171,"bolusiob":0}
