{"iob":-0.05479405048426209,"activity":-0.0008170342312008981,"bolusiob":0}
