{"iob":-0.7651070220449383,"activity":-0.002464131944444444,"bolusiob":0}
