{"iob":2.8775602393281865,"activity":0.009991019663299664,"bolusiob":1.9516695495111112}
