{"iob":-0.27470968658469136,"activity":-0.0009574691358024692,"bolusiob":0}
