{"iob":0.9032546024177779,"activity":0.017271941638608304,"bolusiob":0}
