{"iob":-0.08040828789316287,"activity":-0.0019017494163860833,"bolusiob":0}
