{"iob":0.00018574552482228393,"activity":0.0005065196408529744,"bolusiob":0}
