{"iob":-0.06392762208116043,"activity":-0.003223680920314254,"bolusiob":0}
