{"iob":1.6763402854948233,"activity":0.011296761694725028,"bolusiob":1.0767087875555557}
