{"iob":0.8961770871466672,"activity":0.050815488215488216,"bolusiob":0}
