{"iob":3.6679746714943215,"activity":0.038168956228956226,"bolusiob":1.2224842475417281}
