{"iob":-0.42080838075567917,"activity":-0.006250723905723907,"bolusiob":0}
