{"iob":-0.5172703052961577,"activity":-0.0064209035465768805,"bolusiob":0}
