{"iob":-0.7194246311691359,"activity":-0.005877048260381595,"bolusiob":0}
