{"iob":-0.14328140754558857,"activity":-0.0005295109652076321,"bolusiob":0}
