{"iob":-0.00031385856000014644,"activity":0.005593939393939396,"bolusiob":0}
