{"iob":0.23318249436444446,"activity":0.01692749719416386,"bolusiob":0}
