{"iob":-0.39400887063950624,"activity":-0.005328888888888889,"bolusiob":0}
