{"iob":-0.7935252849608644,"activity":-0.006034511784511784,"bolusiob":0}
