{"iob":3.3671581455170374,"activity":0.06861373737373737,"bolusiob":0.1498356151466667}
