{"iob":3.25743472646321,"activity":0.008092839506172837,"bolusiob":2.8836954854083947}
