{"iob":-0.09973607033679012,"activity":-0.00003975308641975308,"bolusiob":0}
