{"iob":0.45966610296888893,"activity":0.0246314253647587,"bolusiob":0}
