{"iob":-0.023451009717720867,"activity":-0.0015826753086419754,"bolusiob":0}
