{"iob":3.62610981239479,"activity":0.01517901222222222,"bolusiob":3.0326519952118516}
