{"iob":-0.05302581569953563,"activity":0.0014015366442199774,"bolusiob":0}
