{"iob":-0.3351500785310324,"activity":-0.008340823232323234,"bolusiob":0}
