{"iob":-0.006617424137071287,"activity":-0.0017375112233445568,"bolusiob":0}
