{"iob":-0.8079438856412695,"activity":-0.004814757152777777,"bolusiob":0}
