{"iob":-0.12177836583111118,"activity":0.007367957351290685,"bolusiob":0}
