{"iob":4.511096741989135,"activity":0.007076049382716048,"bolusiob":4.2915644044009875}
