{"iob":-0.1213458246402126,"activity":-0.005293552760942761,"bolusiob":0}
