{"iob":0.049527600071111115,"activity":0.00005037037037037037,"bolusiob":0}
