{"iob":-0.5928713477992197,"activity":-0.007672429977553313,"bolusiob":0}
