{"iob":2.6261882097066667,"activity":0.05117643097643097,"bolusiob":0}
