{"iob":-0.1939202448782017,"activity":-0.003866711335578003,"bolusiob":0}
