{"iob":-0.022668541816813933,"activity":-0.0010527909764309765,"bolusiob":0}
