{"iob":0.7097258979555557,"activity":0.012994725028058362,"bolusiob":0.0004260060444442159}
