{"iob":0.10321084488444442,"activity":-0.0012283052749719418,"bolusiob":0}
