{"iob":-0.478416469795089,"activity":-0.002049576913580247,"bolusiob":0}
