{"iob":-0.1511718480800001,"activity":0.007984528619528617,"bolusiob":0}
