{"iob":0.002068010666667042,"activity":0.012730639730639731,"bolusiob":0}
