{"iob":0.2208045748076542,"activity":-0.0038625308641975307,"bolusiob":0.8031356009876544}
