{"iob":-0.7623915389315541,"activity":-0.00545693298540965,"bolusiob":0}
