{"iob":-0.055611303439087136,"activity":0.0031109067003367015,"bolusiob":0}
