{"iob":-0.1059871394037494,"activity":0.00005030836139169391,"bolusiob":0}
