{"iob":0.4563097472000001,"activity":0.00784848484848485,"bolusiob":0.00340330880000006}
