{"iob":0.024962415217777936,"activity":0.018283726150392823,"bolusiob":0}
