{"iob":-0.246690679948642,"activity":-0.00026901234567901233,"bolusiob":0}
