{"iob":1.0626607663091359,"activity":0.008640852974186309,"bolusiob":0.8818691419654321}
