{"iob":2.2665480503466675,"activity":0.03151777777777777,"bolusiob":0.21065155072000016}
