{"iob":3.1319114199387657,"activity":0.011365432098765433,"bolusiob":2.808018977817284}
