{"iob":2.1501389862400004,"activity":0.029363456790123456,"bolusiob":0.29292580085333353}
