{"iob":-0.0033888943573332983,"activity":0.0035752861952861956,"bolusiob":0}
