{"iob":-0.2911649324917916,"activity":0.008234617059483725,"bolusiob":0}
