{"iob":-0.6472884087773163,"activity":-0.006905971885521886,"bolusiob":0}
