{"iob":-0.3696930247530837,"activity":0.007160142098765433,"bolusiob":0}
