{"iob":-0.5495880579596455,"activity":-0.0033655851066217743,"bolusiob":0}
