{"iob":-0.0988793836088889,"activity":-0.00010666666666666667,"bolusiob":0}
