{"iob":-0.3384948917362964,"activity":-0.0006621604938271604,"bolusiob":0}
