{"iob":-0.14902055996839508,"activity":-0.00010185185185185183,"bolusiob":0}
