{"iob":-0.2388565327298341,"activity":0.017584272154882164,"bolusiob":0}
