{"iob":-0.6487087540560396,"activity":-0.001898615959595959,"bolusiob":0}
