{"iob":0.801561889457778,"activity":0.016948372615039283,"bolusiob":0}
