{"iob":-0.060882299673350765,"activity":-0.002414329854096521,"bolusiob":0}
