{"iob":0.7174407585350207,"activity":0.00530555874298541,"bolusiob":0}
