{"iob":-0.8756858263443039,"activity":-0.009175646240179575,"bolusiob":0}
