{"iob":1.5594170835753085,"activity":0.011575308641975307,"bolusiob":0.5682667441777778}
