{"iob":-0.3456846991565432,"activity":-0.000559135802469136,"bolusiob":0}
