{"iob":0.5484786236128395,"activity":0.00016246913580246914,"bolusiob":0.49922565364938276}
