{"iob":2.3741845917392603,"activity":0.06330734006734007,"bolusiob":0.05603222314666668}
