{"iob":0.13752078312158394,"activity":0.009016385802469136,"bolusiob":0}
