{"iob":-0.5642181074396051,"activity":-0.005166964085297419,"bolusiob":0}
