{"iob":-0.054322255596795335,"activity":0.0019030647025813695,"bolusiob":0}
