{"iob":2.0987623774487094,"activity":0.016333456419753083,"bolusiob":1.2599901748622222}
