{"iob":-0.6478139610084684,"activity":-0.006888551492704826,"bolusiob":0}
