{"iob":-0.14874981768012352,"activity":-0.0046424747474747485,"bolusiob":0}
