{"iob":1.4220361431111113,"activity":0.011754545454545455,"bolusiob":0.520166384}
