{"iob":-0.11973188146992633,"activity":-0.000585537901234568,"bolusiob":0}
