{"iob":-0.23296780305679013,"activity":-0.0007373456790123456,"bolusiob":0}
