{"iob":-0.15370656444839506,"activity":0.00003641975308641978,"bolusiob":0}
