{"iob":0.045890793102222036,"activity":0.01350078563411897,"bolusiob":0}
