{"iob":1.2124866596599178,"activity":0.019256734175084174,"bolusiob":0.021555102862221884}
