{"iob":1.004611924340955,"activity":0.014259410291806959,"bolusiob":0}
