{"iob":0.6149477804088888,"activity":0.026211223344556674,"bolusiob":0}
