{"iob":-0.15189727611989748,"activity":-0.004765656094276095,"bolusiob":0}
