{"iob":-0.2597952710510273,"activity":-0.0027785076655443323,"bolusiob":0}
