{"iob":-0.14891942339160497,"activity":-0.00011024691358024692,"bolusiob":0}
