{"iob":-0.5382028206837901,"activity":-0.005963559102132436,"bolusiob":0}
