{"iob":2.5353466746943214,"activity":0.017559506172839502,"bolusiob":1.128216351715556}
