{"iob":0.1322683022222223,"activity":0.005684624017957352,"bolusiob":0}
