{"iob":-0.026256405793959613,"activity":-0.0020728071829405163,"bolusiob":0}
