{"iob":-0.07695302110495962,"activity":-0.005183630707070707,"bolusiob":0}
