{"iob":-0.6810859631299584,"activity":-0.005662301851851851,"bolusiob":0}
