{"iob":-0.44068296352729974,"activity":-0.007292093468013467,"bolusiob":0}
