{"iob":-0.3038976199932639,"activity":-0.0016056792592592595,"bolusiob":0}
