{"iob":-0.7985795378037037,"activity":-0.008650881032547702,"bolusiob":0}
