{"iob":0.9341268670246474,"activity":0.014095036936026938,"bolusiob":0}
