{"iob":-0.5371409121624022,"activity":-0.002810380897867565,"bolusiob":0}
