{"iob":0.1208700691200001,"activity":0.015167676767676767,"bolusiob":0}
