{"iob":-0.32463087239346944,"activity":-0.0018702604489337824,"bolusiob":0}
