{"iob":0.9350229166092602,"activity":0.02165396501683502,"bolusiob":0}
