{"iob":-0.6478094932394092,"activity":-0.007932912581369248,"bolusiob":0}
