{"iob":-0.7672531095506173,"activity":-0.0062759427609427616,"bolusiob":0}
