{"iob":0.08063996310666666,"activity":-0.0016929517396184063,"bolusiob":0}
