{"iob":0.4595223533511112,"activity":0.013930864197530866,"bolusiob":0}
