{"iob":5.055561860720988,"activity":0.01900993265993266,"bolusiob":3.340916167071605}
