{"iob":-0.8025213646700619,"activity":-0.008539241806958472,"bolusiob":0}
