{"iob":4.017020406915556,"activity":0.05519326599326599,"bolusiob":0.3532138922666661}
