{"iob":0.09242302333391839,"activity":-0.003237185914702581,"bolusiob":0}
