{"iob":0.019265698601317292,"activity":0.0023785070145903482,"bolusiob":0}
