{"iob":0.5300734106311115,"activity":0.02537227833894501,"bolusiob":0}
