{"iob":-0.000740084266666996,"activity":0.01425925925925926,"bolusiob":0}
