{"iob":0.5737829462755556,"activity":0.013250953984287316,"bolusiob":0}
