{"iob":-0.155210133860716,"activity":-0.004819416049382717,"bolusiob":0}
