{"iob":-0.052314685599865886,"activity":0.004640208327721662,"bolusiob":0}
