{"iob":1.1205027869514794,"activity":0.011424080830527499,"bolusiob":0.2685564562488889}
