{"iob":0.8162561564938104,"activity":0.004432355982042648,"bolusiob":0}
