{"iob":0.6188995159545682,"activity":0.009090617283950615,"bolusiob":0.047785699768889}
