{"iob":-0.8742867711239611,"activity":-0.005032368294051626,"bolusiob":0}
