{"iob":-0.09993922177580247,"activity":-0.0005222109988776656,"bolusiob":0}
