{"iob":-0.19694756378074074,"activity":-0.00024234567901234568,"bolusiob":0}
