{"iob":-0.5287295963524211,"activity":0.003989023288439955,"bolusiob":0}
