{"iob":0.49147824391111117,"activity":0.00802581369248036,"bolusiob":0.01216766008888892}
