{"iob":0.8947015070182717,"activity":0.0058367901234567905,"bolusiob":0.3908827194311111}
