{"iob":1.4114258957787658,"activity":0.017676004489337822,"bolusiob":0.20069146318222233}
