{"iob":-0.8714757434162616,"activity":-0.009302691705948373,"bolusiob":0}
