{"iob":-0.554670579660642,"activity":-0.005629216610549943,"bolusiob":0}
