{"iob":-0.5653967736733787,"activity":-0.008214405286195289,"bolusiob":0}
