{"iob":0.9416064812234102,"activity":0.014221888720538723,"bolusiob":0}
