{"iob":-0.44141155415861727,"activity":-0.0029224803591470267,"bolusiob":0}
