{"iob":-0.1882573558843335,"activity":-0.007329666554433222,"bolusiob":0}
