{"iob":0.370447850044383,"activity":0.0115813640291807,"bolusiob":0}
