{"iob":0.6409763111111111,"activity":0.010998877665544332,"bolusiob":0.005153555555555433}
