{"iob":0.14498449496390786,"activity":0.02131894456790123,"bolusiob":0}
