{"iob":-0.5938756841933437,"activity":-0.003943907272727272,"bolusiob":0}
