{"iob":-0.33535812294419776,"activity":0.006271329966329966,"bolusiob":0}
