{"iob":-0.7160948886142232,"activity":-0.009461397149270485,"bolusiob":0}
