{"iob":0.054994087449058156,"activity":-0.007672754713804717,"bolusiob":0}
