{"iob":-0.330816848653046,"activity":-0.0018847383838383842,"bolusiob":0}
