{"iob":-0.35764715902957744,"activity":0.0023027932098765433,"bolusiob":0}
