{"iob":-0.0022540516266666643,"activity":-0.0010898989898989902,"bolusiob":0}
