{"iob":-0.11646056341111116,"activity":-0.003192564534231201,"bolusiob":0}
