{"iob":-0.12870375901693815,"activity":-0.0008852693602693634,"bolusiob":0.12887737991111126}
