{"iob":-0.2820939657776221,"activity":-0.001339031537598204,"bolusiob":0}
