{"iob":1.8336720907065192,"activity":0.0049983254769921425,"bolusiob":2.0428782937283954}
