{"iob":-0.14026584004222226,"activity":-0.0033614758698092034,"bolusiob":0}
