{"iob":2.94875876083358,"activity":0.034323950617283945,"bolusiob":0.4526330832355554}
