{"iob":-0.3730951653419882,"activity":-0.009345815185185182,"bolusiob":0}
