{"iob":6.5068282326281475,"activity":0.0696874074074074,"bolusiob":1.4473121731792602}
