{"iob":-0.2570114481903704,"activity":-0.004370454545454545,"bolusiob":0}
