{"iob":-0.7262723678957004,"activity":-0.006562333759820426,"bolusiob":0}
