{"iob":-0.004907798435555544,"activity":-0.0013489337822671155,"bolusiob":0}
