{"iob":-0.39433456633135805,"activity":-0.005427452300785634,"bolusiob":0}
