{"iob":-0.8757881067250921,"activity":-0.008892783950617284,"bolusiob":0}
