{"iob":0.39081846348592847,"activity":0.0005869364197530864,"bolusiob":0}
