{"iob":0.09899617027160496,"activity":0.00009950617283950618,"bolusiob":0}
