{"iob":-0.25399648372112527,"activity":-0.007529848462401797,"bolusiob":0}
