{"iob":-0.1827147633501475,"activity":0.003793609001122335,"bolusiob":0}
