{"iob":-0.7991319534928444,"activity":-0.007119882480359147,"bolusiob":0}
