{"iob":1.569762180133886,"activity":0.012688198282828285,"bolusiob":0.7827784986666668}
