{"iob":1.1709267663034901,"activity":0.017206436217732882,"bolusiob":0.179609054222222}
