{"iob":-0.7891841718842363,"activity":-0.00841978286195286,"bolusiob":0}
