{"iob":-0.22498539263283956,"activity":-0.004193249158249158,"bolusiob":0}
