{"iob":-0.17147001805443002,"activity":-0.003394163692480359,"bolusiob":0}
