{"iob":0.15135427138830346,"activity":0.0027163862850729504,"bolusiob":0}
