{"iob":-0.530244127273792,"activity":-0.0024989510549943885,"bolusiob":0}
