{"iob":0.014954639786666179,"activity":0.012340740740740739,"bolusiob":0}
