{"iob":2.1912670975683954,"activity":0.005645364758698091,"bolusiob":1.8698503820958026}
