{"iob":-0.23688371245432094,"activity":0.006525297418630755,"bolusiob":0}
