{"iob":0.02958121687506235,"activity":0.02670868686868687,"bolusiob":0}
