{"iob":-0.7036695008631042,"activity":-0.0074723772615039276,"bolusiob":0}
