{"iob":-0.579422685946938,"activity":-0.00469710241301908,"bolusiob":0}
