{"iob":0.12846250291279018,"activity":0.0038533108866442194,"bolusiob":0}
