{"iob":-0.009932507022980534,"activity":-0.002691340774410775,"bolusiob":0}
