{"iob":-0.09975079488,"activity":-0.00003666666666666666,"bolusiob":0}
