{"iob":-0.48701637357047545,"activity":-0.0032041364197530867,"bolusiob":0}
