{"iob":-0.6942264529786213,"activity":-0.007935752087542089,"bolusiob":0}
