{"iob":-0.5102192471429866,"activity":-0.00280644088664422,"bolusiob":0}
