{"iob":-0.0639405936665404,"activity":-0.0006590122222222222,"bolusiob":0}
