{"iob":-0.8545993366249045,"activity":-0.005302003613916948,"bolusiob":0}
