{"iob":0.18799473442280867,"activity":-0.005053237384960718,"bolusiob":0}
