{"iob":0.001626980337777639,"activity":0.016566554433221102,"bolusiob":0}
