{"iob":0.5082954366498766,"activity":0.0017920987654320986,"bolusiob":0.37327867883456795}
