{"iob":0.35628235926977486,"activity":0.004886284421997756,"bolusiob":0}
