{"iob":-0.0678889346841624,"activity":-0.0018083130751964088,"bolusiob":0}
