{"iob":0.09739752874633226,"activity":-0.0044231194725028065,"bolusiob":0}
