{"iob":-0.26383486870370376,"activity":-0.00001697530864197538,"bolusiob":0}
