{"iob":-0.6969534212133491,"activity":-0.003787031548821548,"bolusiob":0}
