{"iob":-0.5312272107277234,"activity":-0.002190802592592593,"bolusiob":0}
