{"iob":0.0018179605333332738,"activity":0.0034713804713804725,"bolusiob":0}
