{"iob":1.4053588768355558,"activity":0.029300448933782267,"bolusiob":0.019444566897777713}
