{"iob":-0.005520562902324604,"activity":-0.006099829135802469,"bolusiob":0}
