{"iob":-0.5647001991058268,"activity":-0.0014267118518518512,"bolusiob":0}
