{"iob":0.4708618850133334,"activity":0.010059259259259259,"bolusiob":0}
