{"iob":-0.2886337244046843,"activity":-0.0005977251851851852,"bolusiob":0}
