{"iob":-0.7104433192792229,"activity":-0.0072600122895622905,"bolusiob":0}
