{"iob":0.4399425376711111,"activity":0.0030170370370370364,"bolusiob":0.17498509973333337}
