{"iob":1.6571906844444446,"activity":0.010148148148148147,"bolusiob":0.7850334933333335}
