{"iob":1.4557181059777708,"activity":0.031494488720538734,"bolusiob":0.0647870020266664}
