{"iob":1.2340630534953088,"activity":0.005845432098765431,"bolusiob":0.7754236443022224}
