{"iob":0.04069034692522727,"activity":-0.006352586711560046,"bolusiob":0}
