{"iob":-0.11367332098521113,"activity":0.0001577382154882152,"bolusiob":0}
