{"iob":4.51538716984889,"activity":0.07391129068462403,"bolusiob":0.293617776284445}
