{"iob":0.04723264093952055,"activity":0.005204219270482605,"bolusiob":0}
