{"iob":-0.36711948015282103,"activity":-0.0045136108978675645,"bolusiob":0}
