{"iob":-0.19459275264,"activity":-0.00033925925925925926,"bolusiob":0}
