{"iob":0.7894822857638891,"activity":0.018224438832772163,"bolusiob":0.031846882773333286}
