{"iob":-0.5555793339169136,"activity":-0.0028607800224466884,"bolusiob":0}
