{"iob":0.17750053752888897,"activity":0.007442536475869809,"bolusiob":0}
