{"iob":2.287996239075556,"activity":0.03705297418630752,"bolusiob":0.06490591985777758}
