{"iob":-0.46980600953320134,"activity":-0.005245572592592593,"bolusiob":0}
