{"iob":-0.2221361617113335,"activity":-0.0054317227833894505,"bolusiob":0}
