{"iob":0.000005101917925709465,"activity":-0.0003157891694725028,"bolusiob":0}
