{"iob":-0.9113162965345678,"activity":-0.00860425925925926,"bolusiob":0}
