{"iob":-0.1524588788890401,"activity":-0.0012844452974186307,"bolusiob":0}
