{"iob":-0.9158220428419468,"activity":-0.005968638552188553,"bolusiob":0}
