{"iob":3.3732145011358026,"activity":0.003064197530864197,"bolusiob":3.3132876223209875}
