{"iob":-0.7268110860461728,"activity":-0.00867685746352413,"bolusiob":0}
