{"iob":-0.14894549668124762,"activity":-0.0064916245342312015,"bolusiob":0}
