{"iob":0.09921245546666668,"activity":0.005346801346801347,"bolusiob":0}
