{"iob":1.1597327151264856,"activity":0.015113320998877664,"bolusiob":0.09611928746666687}
