{"iob":-0.598746877414321,"activity":-0.003979932659932659,"bolusiob":0}
