{"iob":0.11075681910666664,"activity":-0.0009959820426487095,"bolusiob":0}
