{"iob":0.1335435867681487,"activity":-0.005591847497194164,"bolusiob":0}
