{"iob":0.31112376888888893,"activity":0.007031425364758698,"bolusiob":0}
