{"iob":0.33985892316444455,"activity":0.007719753086419754,"bolusiob":0}
