{"iob":-0.721277242520946,"activity":-0.005256964029180696,"bolusiob":0}
