{"iob":0.7810470124800005,"activity":0.027692929292929293,"bolusiob":0}
