{"iob":-0.2925308595828149,"activity":-0.003074534231200898,"bolusiob":0}
