{"iob":-0.1347705970605731,"activity":-0.000649489393939394,"bolusiob":0}
