{"iob":1.0264621704849384,"activity":0.0033787654320987653,"bolusiob":0.828375586828642}
