{"iob":-0.3103098031111113,"activity":0.02210659932659933,"bolusiob":0}
