{"iob":-0.1462040564262268,"activity":0.004160376644219978,"bolusiob":0}
