{"iob":-0.30387483796904613,"activity":-0.0031331872053872055,"bolusiob":0}
