{"iob":0.2161347100444444,"activity":0.010884399551066218,"bolusiob":0}
