{"iob":-0.6271468538161727,"activity":-0.003239169472502806,"bolusiob":0}
