{"iob":-0.6186360549101642,"activity":-0.003742514399551067,"bolusiob":0}
