{"iob":-0.3190000353225552,"activity":-0.0038354493041526383,"bolusiob":0}
