{"iob":-0.03327243521111112,"activity":-0.0025447530864197536,"bolusiob":0}
