{"iob":-0.00360861770997329,"activity":0.002008082457912457,"bolusiob":0}
