{"iob":0.14160875512888899,"activity":0.024743883277216612,"bolusiob":0}
