{"iob":1.468777526506667,"activity":0.037201683501683507,"bolusiob":0.01864908298666661}
