{"iob":-0.8598437566198748,"activity":-0.008993523905723907,"bolusiob":0}
