{"iob":1.9836524392533337,"activity":0.03162895622895623,"bolusiob":0.07080322634666662}
