{"iob":0.036017472355555524,"activity":0.004479236812570146,"bolusiob":0}
