{"iob":8.854444756511604,"activity":0.020603456790123455,"bolusiob":7.95514639315753}
