{"iob":0.5126093432888891,"activity":0.011849943883277217,"bolusiob":0}
