{"iob":-0.24441468258283958,"activity":-0.005690454545454546,"bolusiob":0}
