{"iob":1.7017577673600002,"activity":0.014561840628507294,"bolusiob":0.540190170666667}
