{"iob":-0.41461595625767234,"activity":-0.0022266274186307513,"bolusiob":0}
