{"iob":-0.03480322642545903,"activity":-0.005979388002244671,"bolusiob":0}
