{"iob":0.09974197844543212,"activity":0.000040987654320987657,"bolusiob":0}
