{"iob":0.06856615481131934,"activity":-0.0037879625925925932,"bolusiob":0}
