{"iob":2.435881243404969,"activity":0.01201281668911336,"bolusiob":2.555045674540247}
