{"iob":0.29566067789608985,"activity":0.00034215518518518513,"bolusiob":0}
