{"iob":3.0519818032039505,"activity":0.013129876543209873,"bolusiob":2.0954667257046915}
