{"iob":0.9466707675377778,"activity":0.01780493827160494,"bolusiob":0.00015724622222192954}
