{"iob":0.17974685377291494,"activity":0.006500639023569023,"bolusiob":0}
