{"iob":0.25918920213333346,"activity":0.006693602693602694,"bolusiob":0}
