{"iob":-0.372029680695435,"activity":0.015759423849607185,"bolusiob":0}
