{"iob":2.1470598963934324,"activity":0.0008293916947250272,"bolusiob":2.5108909959506174}
