{"iob":0.07609914646551795,"activity":0.004914829248035914,"bolusiob":0}
