{"iob":-0.6562697590723459,"activity":-0.005906969696969697,"bolusiob":0}
