{"iob":0.946471135225679,"activity":0.005008395061728395,"bolusiob":0.530943740408889}
