{"iob":-0.5641126779385297,"activity":-0.004391290695847363,"bolusiob":0}
