{"iob":0.279100967442963,"activity":0.0009765432098765432,"bolusiob":0}
