{"iob":0.13691111288225097,"activity":-0.0009689674074074072,"bolusiob":0}
