{"iob":0.29863591536158396,"activity":0.01098608277216611,"bolusiob":0}
