{"iob":-0.20410829054193805,"activity":-0.0016119481481481482,"bolusiob":0}
