{"iob":0.1126907303111111,"activity":0.005490460157126824,"bolusiob":0}
