{"iob":0.6400283560914358,"activity":0.022673816397306396,"bolusiob":0}
