{"iob":2.8255523878610607,"activity":0.023908159248035903,"bolusiob":1.223641658026667}
