{"iob":-0.15514406993529412,"activity":-0.000090720145903479,"bolusiob":0}
