{"iob":-0.5195713392574075,"activity":-0.006387727272727273,"bolusiob":0}
