{"iob":-0.04997835034864198,"activity":-0.000005432098765432098,"bolusiob":0}
