{"iob":-0.48251623506145935,"activity":-0.0020024164197530864,"bolusiob":0}
