{"iob":-0.5224748608061729,"activity":-0.004633849607182941,"bolusiob":0}
