{"iob":-0.5046430990600904,"activity":0.0002891182603815942,"bolusiob":0}
