{"iob":1.7649374391150616,"activity":0.006033086419753085,"bolusiob":1.3999735502380246}
