{"iob":0.5238307145665845,"activity":0.01530050521885522,"bolusiob":0}
