{"iob":-0.681631966249832,"activity":-0.005976949652076318,"bolusiob":0}
