{"iob":1.7266005181951183,"activity":0.016139698664421998,"bolusiob":0.40437935103999995}
