{"iob":0.17245071632191478,"activity":0.01738884407407407,"bolusiob":0}
