{"iob":-0.24729307214598767,"activity":-0.0007984231200897866,"bolusiob":0}
