{"iob":0.38875576341333345,"activity":0.011969360269360269,"bolusiob":0}
