{"iob":-0.9339475144421882,"activity":-0.007682292143658809,"bolusiob":0}
