{"iob":0.3672055676444447,"activity":0.0073658810325477,"bolusiob":0}
