{"iob":0.0976685560104631,"activity":0.0012949363636363628,"bolusiob":0}
