{"iob":-0.5952890882700022,"activity":-0.005245606554433222,"bolusiob":0}
