{"iob":-0.12775706518822935,"activity":-0.003103361021324355,"bolusiob":0}
