{"iob":-0.2943821704828487,"activity":-0.0020839170594837268,"bolusiob":0}
