{"iob":-0.04591223539504888,"activity":-0.0025707992704826045,"bolusiob":0}
