{"iob":0.20368411144976548,"activity":0.0017192034006734008,"bolusiob":0}
