{"iob":5.828508526490864,"activity":0.07697086419753084,"bolusiob":0.9018534829511113}
