{"iob":-0.13246702173924324,"activity":-0.0020893766891133558,"bolusiob":0}
