{"iob":4.835087398810864,"activity":0.010352098765432097,"bolusiob":4.409369108132346}
