{"iob":0.2724902101333334,"activity":0.010094612794612795,"bolusiob":0}
