{"iob":-0.9223884772429629,"activity":-0.008980847362514031,"bolusiob":0}
