{"iob":-0.9129395472118619,"activity":-0.008436033557800225,"bolusiob":0}
