{"iob":-0.197009695865679,"activity":-0.00023617283950617285,"bolusiob":0}
