{"iob":0.0969737199644441,"activity":0.01917699214365881,"bolusiob":0}
