{"iob":1.9366866148503707,"activity":0.06065414141414141,"bolusiob":0.026064927146666726}
