{"iob":-0.33147817876811236,"activity":-0.002273574579124579,"bolusiob":0}
