{"iob":0.7684702006297314,"activity":0.00682727251984127,"bolusiob":0}
