{"iob":2.1944177446254014,"activity":0.015091121964085295,"bolusiob":1.6527869207387658}
