{"iob":-0.5150791020685956,"activity":-0.0041777103928170595,"bolusiob":0}
