{"iob":-0.5941499793475676,"activity":-0.00474101709315376,"bolusiob":0}
