{"iob":0.4403311879849307,"activity":0.0006334333333333335,"bolusiob":0}
