{"iob":0.4506295812400317,"activity":0.012079414489337824,"bolusiob":0}
