{"iob":-0.21005859707608646,"activity":-0.0032600589225589226,"bolusiob":0}
