{"iob":-0.14890048451950616,"activity":-0.00011148148148148147,"bolusiob":0}
