{"iob":-0.2366351559680496,"activity":-0.00019292817059483978,"bolusiob":0.06875281208888895}
