{"iob":0.5255047632460051,"activity":-0.0024013910213243543,"bolusiob":0}
