{"iob":-0.8110161595328397,"activity":-0.008157328843995507,"bolusiob":0}
