{"iob":-0.24024159707654322,"activity":-0.0005160493827160495,"bolusiob":0}
