{"iob":-0.898381543526246,"activity":-0.006446164107744107,"bolusiob":0}
