{"iob":-0.22007729021234568,"activity":0.0016140291806958466,"bolusiob":0}
