{"iob":-0.18933336975228415,"activity":-0.0005546160718294055,"bolusiob":0}
