{"iob":-0.09212218626420399,"activity":0.010387873591470259,"bolusiob":0}
