{"iob":0.09169273802737572,"activity":-0.0012085012008978672,"bolusiob":0}
