{"iob":-0.7465967197628398,"activity":-0.005541487093153761,"bolusiob":0}
