{"iob":0.03466090863802445,"activity":0.015450695847362514,"bolusiob":0}
