{"iob":0.011549317996339509,"activity":0.002192087261503929,"bolusiob":0}
