{"iob":0.0650303333333333,"activity":0.006127946127946129,"bolusiob":0}
