{"iob":-0.19413651181404945,"activity":-0.004869343434343436,"bolusiob":0}
