{"iob":-0.23201320884148147,"activity":0.0013536251402918075,"bolusiob":0}
