{"iob":-0.35442484361035287,"activity":0.011652075903479239,"bolusiob":0}
