{"iob":-0.30748182706324967,"activity":-0.00283991026936027,"bolusiob":0}
