{"iob":0.008524596977777743,"activity":0.003806958473625141,"bolusiob":0}
