{"iob":1.1540754236983057,"activity":0.029404511167227823,"bolusiob":0.0009283840000000154}
