{"iob":4.325420255494321,"activity":0.03215629629629629,"bolusiob":2.0117654208750624}
