{"iob":-0.1239571879965579,"activity":-0.0008339969921436589,"bolusiob":0}
