{"iob":0.8965185996088891,"activity":0.03481795735129069,"bolusiob":0}
