{"iob":1.4477229826789797,"activity":0.0239107184624018,"bolusiob":0.9992445669135803}
