{"iob":-0.40193256844158165,"activity":-0.003466790740740741,"bolusiob":0}
