{"iob":0.15446500181333395,"activity":0.03761683501683502,"bolusiob":0}
