{"iob":0.5063370866564014,"activity":0.006525460022446689,"bolusiob":0}
