{"iob":-0.7992592665591065,"activity":-0.0028942182379349045,"bolusiob":0}
