{"iob":0.6784103311099265,"activity":0.0239657689674523,"bolusiob":0}
