{"iob":-0.8450076730020741,"activity":-0.0052866498316498315,"bolusiob":0}
