{"iob":0.1699261688888889,"activity":0.006021324354657688,"bolusiob":0}
