{"iob":0.2523986198755555,"activity":0.009467115600448934,"bolusiob":0}
