{"iob":0.049925122496790125,"activity":0.000014691358024691359,"bolusiob":0}
