{"iob":-0.11260586893089009,"activity":0.0019268964646464639,"bolusiob":0}
