{"iob":-0.5876021108316043,"activity":-0.00544169800224467,"bolusiob":0}
