{"iob":0.13669115462468984,"activity":0.0025112326262626255,"bolusiob":0}
