{"iob":-0.4703858638174075,"activity":-0.006194158249158249,"bolusiob":0}
