{"iob":0.8643544956800003,"activity":0.025067676767676766,"bolusiob":0}
