{"iob":0.2831190458311112,"activity":0.007349382716049384,"bolusiob":0}
