{"iob":-0.4735363433625639,"activity":-0.0035408160606060606,"bolusiob":0}
