{"iob":-0.016287936761606697,"activity":-0.004646284511784512,"bolusiob":0}
