{"iob":-0.2179457760077037,"activity":0.002262014590347924,"bolusiob":0}
