{"iob":0.6533355157538212,"activity":0.018105590134680143,"bolusiob":0}
