{"iob":-0.046900891813359644,"activity":-0.00019939826038159442,"bolusiob":0}
