{"iob":-0.33558872952298985,"activity":-0.002813523905723905,"bolusiob":0}
