{"iob":2.897777351600988,"activity":0.02665012345679012,"bolusiob":1.004013014897778}
