{"iob":-0.5927048335770558,"activity":-0.004086958552188552,"bolusiob":0}
