{"iob":0.7066565742222224,"activity":0.02150280583613917,"bolusiob":0}
