{"iob":-0.15388845338466675,"activity":-0.00606683501683502,"bolusiob":0}
