{"iob":-0.4005159212131915,"activity":-0.004235696464646464,"bolusiob":0}
