{"iob":0.6117390607076528,"activity":0.021639988900112237,"bolusiob":0}
