{"iob":-0.6250737618908643,"activity":-0.008479511784511784,"bolusiob":0}
