{"iob":0.09971428898765433,"activity":0.00004320987654320988,"bolusiob":0}
