{"iob":0.6062472546590236,"activity":0.0017741364197530862,"bolusiob":0}
