{"iob":-0.09736953758671608,"activity":-0.004908104736251403,"bolusiob":0}
