{"iob":-0.4519432837987448,"activity":-0.0030122787093153766,"bolusiob":0}
