{"iob":1.0244976067476546,"activity":0.007373086419753085,"bolusiob":0.39074200348444466}
