{"iob":-0.5175905321727271,"activity":-0.0037198645903479227,"bolusiob":0}
