{"iob":0.11602316578716051,"activity":-0.0000674635241301911,"bolusiob":0}
