{"iob":0.5325046625261228,"activity":0.0009703565432098766,"bolusiob":0}
