{"iob":-0.5344743327874282,"activity":-0.0043830302581369255,"bolusiob":0}
