{"iob":0.01653301830190264,"activity":0.004610986947250283,"bolusiob":0}
