{"iob":-0.43565889499889016,"activity":0.0060271489898989904,"bolusiob":0}
