{"iob":0.6124046841734061,"activity":0.006013159079685746,"bolusiob":0}
