{"iob":1.217297644057284,"activity":0.0038871604938271603,"bolusiob":0.9951070526735802}
