{"iob":0.056989587200000025,"activity":0.004818181818181819,"bolusiob":0}
