{"iob":-0.3351776423476545,"activity":0.005303417508417508,"bolusiob":0}
