{"iob":-0.014753379717777779,"activity":-0.002085325476992144,"bolusiob":0}
