{"iob":-0.04032808163555556,"activity":0.0017782716049382715,"bolusiob":0}
