{"iob":0.4768671643871604,"activity":0.030945791245791245,"bolusiob":0}
