{"iob":1.7751621029688893,"activity":0.02778698092031425,"bolusiob":0.08656366876444456}
