{"iob":-0.38633204244703195,"activity":-0.0007417285185185186,"bolusiob":0}
