{"iob":0.1551430384355556,"activity":0.015790347923681263,"bolusiob":0}
