{"iob":2.9497992918810167,"activity":0.008297476677890013,"bolusiob":1.993503933945679}
