{"iob":-0.6456486662023457,"activity":-0.003561874298540965,"bolusiob":0}
