{"iob":-0.24347123841104476,"activity":-0.00040248703703703705,"bolusiob":0}
