{"iob":1.413686853625679,"activity":0.00782226711560045,"bolusiob":1.3966757871249382}
