{"iob":-0.0791166840156069,"activity":0.002815373411896744,"bolusiob":0}
