{"iob":-0.1555877385362963,"activity":0.0017611111111111117,"bolusiob":0}
