{"iob":-0.742270874752821,"activity":-0.004852671548821549,"bolusiob":0}
