{"iob":-0.6102777025133033,"activity":-0.0060523378563411894,"bolusiob":0}
