{"iob":0.0710645688888889,"activity":0.005011223344556679,"bolusiob":0}
