{"iob":-0.05940575541111114,"activity":-0.002687514029180696,"bolusiob":0}
