{"iob":-0.19696118352592595,"activity":-0.00023135802469135804,"bolusiob":0}
