{"iob":-0.017357921884331346,"activity":-0.000939506004489338,"bolusiob":0}
