{"iob":-0.6139506544770371,"activity":-0.0031546352413019075,"bolusiob":0}
