{"iob":0.000010676000000003906,"activity":-0.00015909090909090907,"bolusiob":0}
