{"iob":-0.007742685945772029,"activity":0.004077224074074074,"bolusiob":0}
