{"iob":-0.3200563535070225,"activity":-0.002411144893378227,"bolusiob":0}
