{"iob":-0.4349163200138272,"activity":-0.0018733333333333336,"bolusiob":0}
