{"iob":1.166855467508881,"activity":0.013281975925925928,"bolusiob":0.013777327075555566}
