{"iob":-0.8144642096211937,"activity":-0.003434517564534231,"bolusiob":0}
