{"iob":0.3183142442779188,"activity":-0.0007812040674603175,"bolusiob":0}
