{"iob":0.7714691965471607,"activity":0.007460987654320986,"bolusiob":0.1783633851022223}
