{"iob":0.05962393142080888,"activity":-0.0004909459147025815,"bolusiob":0}
