{"iob":-0.44982198306894255,"activity":-0.0016267725925925925,"bolusiob":0}
