{"iob":0.8969583744000003,"activity":0.015616161616161616,"bolusiob":0.004272857599999957}
