{"iob":-0.39295319438291687,"activity":-0.005881711694725028,"bolusiob":0}
