{"iob":-0.5781137939321525,"activity":-0.003580993692480359,"bolusiob":0}
