{"iob":0.09215629703111161,"activity":0.014637934904601574,"bolusiob":0}
