{"iob":-0.3780499306183105,"activity":-0.00044712162738496107,"bolusiob":0}
