{"iob":-0.5768056594093827,"activity":-0.005507379349046017,"bolusiob":0}
