{"iob":1.4750316744524985,"activity":0.00835714224466891,"bolusiob":0.4450234885333334}
