{"iob":-0.14892150311703706,"activity":-0.0002715151515151515,"bolusiob":0}
