{"iob":-0.37997576407861733,"activity":-0.0009176543209876544,"bolusiob":0}
