{"iob":0.1275210700800002,"activity":0.016811784511784517,"bolusiob":0}
