{"iob":0.28986477370665786,"activity":0.006773446835016834,"bolusiob":0}
