{"iob":-0.7780010141660937,"activity":-0.007751772850729516,"bolusiob":0}
