{"iob":-0.03992246890466237,"activity":-0.006906269719416386,"bolusiob":0}
