{"iob":0.06239251124620037,"activity":-0.0010819296857463537,"bolusiob":0}
