{"iob":2.161863616,"activity":0.0031777777777777776,"bolusiob":2.0686413440000004}
