{"iob":-0.732199904866173,"activity":-0.004076391694725028,"bolusiob":0}
