{"iob":-0.044546305721662974,"activity":-0.0023647302244668915,"bolusiob":0}
