{"iob":-0.2841399295039656,"activity":-0.0025728959932659933,"bolusiob":0}
