{"iob":0.6299194897777778,"activity":0.02088776655443322,"bolusiob":0}
