{"iob":-0.5926423186892786,"activity":-0.009548624971941639,"bolusiob":0}
