{"iob":3.336254726605433,"activity":0.03840464646464647,"bolusiob":0.8877672364800002}
