{"iob":-0.35097197697758037,"activity":-0.00017502244668911353,"bolusiob":0}
