{"iob":0.24060727738107168,"activity":-0.0007929851851851853,"bolusiob":0}
