{"iob":-0.8458616598686423,"activity":-0.007375117845117847,"bolusiob":0}
