{"iob":0.6252861660931296,"activity":0.0035838896296296295,"bolusiob":0}
