{"iob":3.1042339940187658,"activity":0.011981234567901232,"bolusiob":2.296817263186173}
