{"iob":-0.33390623453715107,"activity":-0.0045726096184062846,"bolusiob":0}
