{"iob":0.19436934535111108,"activity":0.01825207631874299,"bolusiob":0}
