{"iob":0.01733670447691351,"activity":-0.0033788720538720546,"bolusiob":0}
