{"iob":0.12669102619253436,"activity":0.0033551804826038164,"bolusiob":0}
