{"iob":-0.5413400255348149,"activity":-0.002719438832772167,"bolusiob":0}
