{"iob":-0.10405977552636536,"activity":-0.007075392637485968,"bolusiob":0}
