{"iob":0.5355969017995061,"activity":0.000978641975308642,"bolusiob":0.4624866928197531}
