{"iob":0.5100027800888893,"activity":0.030784287317620652,"bolusiob":0}
