{"iob":-0.25363488021097436,"activity":-0.0026630638047138045,"bolusiob":0}
