{"iob":-0.8422324373825927,"activity":-0.00647794051627385,"bolusiob":0}
