{"iob":5.1537419954725925,"activity":0.07658217732884398,"bolusiob":0.5178256103348153}
