{"iob":3.7947202636167905,"activity":0.011485185185185183,"bolusiob":2.967192668886914}
