{"iob":1.8634402797511112,"activity":0.013263569023569021,"bolusiob":1.7362296971377777}
