{"iob":0.24242122318691356,"activity":-0.0044565712682379365,"bolusiob":0.8983763609283951}
