{"iob":-0.010298634659368582,"activity":-0.0016084394051627386,"bolusiob":0}
