{"iob":-0.00015252423111107306,"activity":0.005178900112233447,"bolusiob":0}
