{"iob":1.0401074863644446,"activity":0.02379618406285073,"bolusiob":0}
