{"iob":0.5654203110400002,"activity":0.01005858585858586,"bolusiob":0.0007427721599999382}
