{"iob":1.8852290449382716,"activity":0.00565432098765432,"bolusiob":1.5786146686419753}
