{"iob":1.5436283298133342,"activity":0.05741481481481482,"bolusiob":0.007387231146666639}
