{"iob":-0.25412215759259266,"activity":-0.0005725308641975309,"bolusiob":0}
