{"iob":-0.0192592058675563,"activity":0.0015141187205387208,"bolusiob":0}
