{"iob":0.10503756854592598,"activity":-0.0029791638608305275,"bolusiob":0.5588309552987655}
