{"iob":-0.7416794559959012,"activity":-0.006293540965207631,"bolusiob":0}
