{"iob":-0.29112247779890005,"activity":-0.0033211897306397306,"bolusiob":0}
