{"iob":0.08538182887691506,"activity":0.005759988069584736,"bolusiob":0}
