{"iob":-0.00019777639111134837,"activity":0.009409539842873179,"bolusiob":0}
