{"iob":0.7763998285511114,"activity":0.023930190796857462,"bolusiob":0}
