{"iob":2.577809441722469,"activity":0.020660246913580243,"bolusiob":0.8337497819022228}
