{"iob":-0.11033493390382226,"activity":-0.0023672109988776653,"bolusiob":0}
