{"iob":-0.04980480560197531,"activity":-0.00002876543209876543,"bolusiob":0}
