{"iob":0.9856580684903287,"activity":0.02476618343434344,"bolusiob":0}
