{"iob":0.24008930798951128,"activity":0.000348176543209877,"bolusiob":0}
