{"iob":-0.37897441151176786,"activity":-0.003696400606060606,"bolusiob":0}
