{"iob":-0.24174880210456914,"activity":-0.002337340179573512,"bolusiob":0}
