{"iob":-0.5747020558024059,"activity":0.0012915568462401798,"bolusiob":0}
