{"iob":0.1297849758108292,"activity":0.0061887310549943895,"bolusiob":0}
