{"iob":-0.3929350518671572,"activity":-0.00643065115600449,"bolusiob":0}
