{"iob":-0.0904295704353068,"activity":-0.0009173531874298545,"bolusiob":0}
