{"iob":-0.4312958874916051,"activity":-0.00876671717171717,"bolusiob":0}
