{"iob":0.4373576361012359,"activity":0.0007371722222222221,"bolusiob":0}
