{"iob":2.168879749206914,"activity":0.021686823793490462,"bolusiob":0.5369822758400001}
