{"iob":-0.47058677424493833,"activity":-0.0012351234567901234,"bolusiob":0}
