{"iob":-0.22269094907500844,"activity":-0.005595104758698093,"bolusiob":0}
