{"iob":0.35119654723950666,"activity":0.018631717171717174,"bolusiob":0}
