{"iob":-0.11516257458346249,"activity":-0.001768069169472503,"bolusiob":0}
