{"iob":-0.008791037440000003,"activity":-0.0017742424242424245,"bolusiob":0}
