{"iob":0.11004699617734909,"activity":-0.0019064526936026927,"bolusiob":0}
