{"iob":-0.3224791285239714,"activity":-0.0013957110549943884,"bolusiob":0}
