{"iob":0.016586666666666618,"activity":0.006195286195286197,"bolusiob":0}
