{"iob":0.2405294972711387,"activity":0.0042070147138047135,"bolusiob":0}
