{"iob":-0.3067122827148058,"activity":-0.0063761731537598215,"bolusiob":0}
