{"iob":0.06725481244444431,"activity":0.007335578002244669,"bolusiob":0}
