{"iob":-0.003108856748434724,"activity":-0.0012981887766554435,"bolusiob":0}
