{"iob":0.5977605592918659,"activity":0.020639426767676775,"bolusiob":0}
