{"iob":1.622841549970684,"activity":0.004434742356902355,"bolusiob":0.8185822085333336}
