{"iob":0.030763360320000068,"activity":0.004755555555555557,"bolusiob":0}
