{"iob":-0.6118853327294809,"activity":-0.004060752065095398,"bolusiob":0}
