{"iob":-0.04739999873903029,"activity":-0.0005831648597081929,"bolusiob":0}
