{"iob":0.555781835591111,"activity":0.01054635241301908,"bolusiob":0}
