{"iob":-0.8115739698712244,"activity":-0.0083634563973064,"bolusiob":0}
