{"iob":-0.3269709857678669,"activity":-0.002017654691358025,"bolusiob":0}
