{"iob":0.17454286164956184,"activity":-0.005294039786756455,"bolusiob":0}
