{"iob":-0.5981010265814815,"activity":-0.008693063973063974,"bolusiob":0}
