{"iob":-0.5381884542830617,"activity":-0.0020233333333333336,"bolusiob":0}
