{"iob":-0.6859995349347234,"activity":-0.008710175712682379,"bolusiob":0}
