{"iob":1.029821041471527,"activity":0.014605156228956234,"bolusiob":0}
