{"iob":-0.23302135996466677,"activity":-0.00719267676767677,"bolusiob":0}
