{"iob":-0.41946109398281495,"activity":-0.00123,"bolusiob":0}
