{"iob":0.3435528504902927,"activity":0.00045551098765432097,"bolusiob":0}
