{"iob":-0.30617434821223083,"activity":-0.006514618473625141,"bolusiob":0}
