{"iob":-0.7013296691562964,"activity":-0.004359382716049383,"bolusiob":0}
