{"iob":0.15845554773333337,"activity":0.01022895622895623,"bolusiob":0}
