{"iob":2.3724124900187653,"activity":0.023203950617283947,"bolusiob":0.5363470672355554}
