{"iob":0.04322947644444444,"activity":0.017643658810325476,"bolusiob":0}
