{"iob":0.17891881460700648,"activity":0.002319667261503928,"bolusiob":0}
