{"iob":-0.06992464935209872,"activity":0.008717951739618408,"bolusiob":0}
