{"iob":-0.14247287310222229,"activity":-0.005663916947250281,"bolusiob":0}
