{"iob":0.9610804698087975,"activity":0.007711771806958473,"bolusiob":0}
