{"iob":-0.2622435205555556,"activity":-0.0002021604938271604,"bolusiob":0}
