{"iob":0.000011271039999999345,"activity":-0.00015808080808080808,"bolusiob":0}
