{"iob":-0.6140974078157299,"activity":-0.00913906420875421,"bolusiob":0}
