{"iob":0.5438439263920988,"activity":0.0005712345679012345,"bolusiob":0.48743244689382714}
