{"iob":2.3621790766233386,"activity":0.013080156756453423,"bolusiob":2.3275860526143206}
