{"iob":1.329328266097778,"activity":0.02548978675645342,"bolusiob":-0.00022254592000026108}
