{"iob":0.015903321955695684,"activity":-0.0012507873512906849,"bolusiob":0}
