{"iob":0.06779034382222227,"activity":0.008879910213243547,"bolusiob":0}
