{"iob":-0.40093991181234573,"activity":-0.001522098765432099,"bolusiob":0}
