{"iob":1.8684683901713943,"activity":0.014079172693602688,"bolusiob":0.6355759414044445}
