{"iob":0.20552695181432104,"activity":0.0014595061728395063,"bolusiob":0}
