{"iob":3.7543625728,"activity":0.011733333333333332,"bolusiob":3.0956787712000002}
