{"iob":-0.49066335616137874,"activity":-0.0038175029292929295,"bolusiob":0}
