{"iob":0.5384599367390835,"activity":0.012481345084175088,"bolusiob":0}
