{"iob":-0.1694543287349307,"activity":-0.0023583668686868687,"bolusiob":0}
