{"iob":3.5162782369501233,"activity":0.017559259259259257,"bolusiob":2.1958033474054326}
