{"iob":-0.03940036957677531,"activity":0.0032044121324354665,"bolusiob":0}
