{"iob":-0.3750337237499183,"activity":-0.0010065256790123458,"bolusiob":0}
