{"iob":1.7232777873392904,"activity":-0.0011786723344556673,"bolusiob":1.3367465566814816}
