{"iob":1.5259266997333336,"activity":0.044804713804713805,"bolusiob":0}
