{"iob":-0.2590059501851852,"activity":-0.0003873456790123458,"bolusiob":0}
