{"iob":0.30257544533333347,"activity":0.009885521885521886,"bolusiob":0}
