{"iob":0.1860044233296927,"activity":0.001004355488215488,"bolusiob":0}
