{"iob":0.19606953464358182,"activity":0.003166484029180696,"bolusiob":0}
