{"iob":-0.40403108276719124,"activity":-0.003508704074074074,"bolusiob":0}
