{"iob":-0.9428321018807405,"activity":-0.008715347923681258,"bolusiob":0}
