{"iob":-0.6729272627806102,"activity":-0.00564384406285073,"bolusiob":0}
