{"iob":2.6499453830083954,"activity":0.0280279012345679,"bolusiob":0.6926501242311115}
