{"iob":4.1799696657382714,"activity":0.0247595061728395,"bolusiob":2.0692441240888892}
