{"iob":-0.3124511222639508,"activity":-0.007836526374859711,"bolusiob":0}
