{"iob":1.8170052530409875,"activity":0.004625679012345678,"bolusiob":1.5988613392750617}
