{"iob":-0.324811845720697,"activity":-0.0024589694725028056,"bolusiob":0}
