{"iob":0.019995773866666733,"activity":0.004144781144781145,"bolusiob":0}
