{"iob":0.9218087567185509,"activity":0.020849462906846243,"bolusiob":0.6294762040888889}
