{"iob":-0.8766582218020372,"activity":-0.007599015151515153,"bolusiob":0}
