{"iob":-0.2434562247229629,"activity":0.00006150392817059507,"bolusiob":0}
