{"iob":-0.23711471506497955,"activity":-0.0018504940740740744,"bolusiob":0}
