{"iob":-0.0006980945066666633,"activity":-0.0006996632996632997,"bolusiob":0}
