{"iob":-0.674976324713064,"activity":-0.01007408275793651,"bolusiob":0}
