{"iob":-0.5631794438198952,"activity":-0.002864669034792368,"bolusiob":0}
