{"iob":-0.3007954253116049,"activity":-0.00028246913580246913,"bolusiob":0}
