{"iob":0.34275078517333335,"activity":0.00874107744107744,"bolusiob":0}
