{"iob":2.161020599498272,"activity":0.031178765432098757,"bolusiob":0.1776300724622224}
