{"iob":3.008769803938766,"activity":0.0386403367003367,"bolusiob":0.6483319096533334}
