{"iob":-0.7893265162371409,"activity":-0.0074549217620650966,"bolusiob":0}
