{"iob":-0.048757876410556705,"activity":-0.008282610740740737,"bolusiob":0}
