{"iob":1.1357236991288895,"activity":0.036865095398428735,"bolusiob":0}
