{"iob":-0.2891285918921629,"activity":-0.004768394927048261,"bolusiob":0}
