{"iob":2.1207778895328397,"activity":0.004812839506172839,"bolusiob":1.9151997216869139}
