{"iob":4.340140720237037,"activity":0.002868765432098765,"bolusiob":4.696890473434074}
