{"iob":-0.489634803036645,"activity":-0.007496178945005613,"bolusiob":0}
