{"iob":1.377120243610864,"activity":0.00783259259259259,"bolusiob":0.4793023404088891}
