{"iob":0.3552246131912776,"activity":0.01093282845117845,"bolusiob":0}
