{"iob":0.9582846958222221,"activity":0.04009876543209876,"bolusiob":0}
