{"iob":0.6332965724268795,"activity":0.012786830336700339,"bolusiob":0}
