{"iob":3.2913587131417286,"activity":0.006868641975308641,"bolusiob":3.0112294623446916}
