{"iob":1.09670197433511,"activity":0.014627233535353541,"bolusiob":0}
