{"iob":2.06960705084479,"activity":0.002322682379349046,"bolusiob":2.407054255209877}
