{"iob":-0.2614423705789449,"activity":-0.0059145886644219985,"bolusiob":0}
