{"iob":-0.6817132075554077,"activity":-0.006671139169472503,"bolusiob":0}
