{"iob":-0.6974291183389917,"activity":-0.004568328092031425,"bolusiob":0}
