{"iob":0.01560626065777795,"activity":0.004390123456790125,"bolusiob":0}
