{"iob":0.39460005937304654,"activity":-0.004223616184062852,"bolusiob":0}
