{"iob":1.3833810486785845,"activity":0.020047979966329964,"bolusiob":0.09624894819555568}
