{"iob":-0.45457378640493834,"activity":-0.004628546576879911,"bolusiob":0}
