{"iob":-0.5189187966874509,"activity":-0.0022149496184062853,"bolusiob":0}
