{"iob":3.659819828517778,"activity":0.0004590852974186302,"bolusiob":3.648245802382222}
