{"iob":1.2056569038933331,"activity":0.018825925925925923,"bolusiob":0.056344484906666575}
