{"iob":-0.35955082761201496,"activity":-0.0014250620987654324,"bolusiob":0}
