{"iob":0.10386391507693427,"activity":-0.005496424893378228,"bolusiob":0}
