{"iob":0.4325048071822215,"activity":0.04420516273849607,"bolusiob":0}
