{"iob":-0.02874189987972501,"activity":0.0033099519079685742,"bolusiob":0}
