{"iob":-0.4918801503667397,"activity":-0.0025683951851851856,"bolusiob":0}
