{"iob":0.1739481196800001,"activity":0.020746464646464645,"bolusiob":0}
