{"iob":-0.2837278905828396,"activity":-0.005919410774410775,"bolusiob":0}
