{"iob":-0.38849703537185193,"activity":-0.0038743434343434346,"bolusiob":0}
