{"iob":-0.372786715458889,"activity":-0.006218625140291808,"bolusiob":0}
