{"iob":1.0538439917992506,"activity":0.013218002861952858,"bolusiob":-0.00030047559111119333}
