{"iob":0.5749837626850542,"activity":0.025289011907968582,"bolusiob":0}
