{"iob":-0.6641244902132101,"activity":-0.003857845117845118,"bolusiob":0}
