{"iob":0.03477957750532905,"activity":0.00277503076318743,"bolusiob":0}
