{"iob":0.5649110027061728,"activity":0.008241975308641975,"bolusiob":0.04466613724444446}
