{"iob":-0.874528754133826,"activity":-0.0038199889450056114,"bolusiob":0}
