{"iob":-0.08297288675320158,"activity":0.0194355702020202,"bolusiob":0}
