{"iob":0.318265415711605,"activity":0.0012460493827160493,"bolusiob":0}
