{"iob":-0.41334310151160497,"activity":-0.005503468013468014,"bolusiob":0}
