{"iob":1.124828968691358,"activity":0.005809876543209876,"bolusiob":0.647497424888889}
