{"iob":1.0597920796444444,"activity":0.01300074074074074,"bolusiob":0.14311730346666673}
