{"iob":-0.00021385635555559723,"activity":0.003133557800224467,"bolusiob":0}
