{"iob":1.7490261788444443,"activity":0.008607407407407407,"bolusiob":1.0582540842666668}
