{"iob":3.543606146465185,"activity":0.014174814814814814,"bolusiob":2.568930911194075}
