{"iob":0.48268171699699997,"activity":0.000925887037037037,"bolusiob":0}
