{"iob":-0.07743056446570494,"activity":-0.00015148737373737314,"bolusiob":0}
