{"iob":0.04146711500026391,"activity":-0.004751845993265994,"bolusiob":0}
