{"iob":0.9293709452325927,"activity":0.013979506172839506,"bolusiob":0.06022201500444439}
