{"iob":-0.47413251924444444,"activity":-0.0011154938271604937,"bolusiob":0}
