{"iob":-0.37602508856197536,"activity":-0.0011261111111111111,"bolusiob":0}
