{"iob":1.8836070142261727,"activity":0.001810864197530864,"bolusiob":1.8465014506824688}
