{"iob":-0.3770173350558025,"activity":-0.0009073400673400674,"bolusiob":0}
