{"iob":-0.2865169381885929,"activity":-0.0020279353310886645,"bolusiob":0}
