{"iob":-0.34683795584209637,"activity":-0.0064070596857463535,"bolusiob":0}
