{"iob":-0.2405404057481481,"activity":0.000992637485970819,"bolusiob":0}
