{"iob":-0.29425364117829145,"activity":0.002968868316498317,"bolusiob":0}
