{"iob":0.8360088282584704,"activity":0.013089630246913576,"bolusiob":0}
