{"iob":-0.6031022115908642,"activity":-0.0028507182940516263,"bolusiob":0}
