{"iob":9.022688228630123,"activity":0.014129382716049382,"bolusiob":8.584956334964938}
