{"iob":-0.04363594638784972,"activity":-0.0011028774410774408,"bolusiob":0}
