{"iob":-0.12721861196916043,"activity":-0.004395398092031425,"bolusiob":0}
