{"iob":-0.8053745360029632,"activity":-0.007009472502805835,"bolusiob":0}
