{"iob":0.2706078019200002,"activity":0.022279797979797983,"bolusiob":0}
