{"iob":-0.2311046241420059,"activity":-0.004139119416386084,"bolusiob":0}
