{"iob":-0.17236603689872174,"activity":-0.0019244552525252531,"bolusiob":0}
