{"iob":0.15577690827257687,"activity":0.01199249135802469,"bolusiob":0}
