{"iob":-0.040711063751111165,"activity":0.0029330303030303028,"bolusiob":0}
