{"iob":-0.14886935713118052,"activity":-0.00010936518518518519,"bolusiob":0}
