{"iob":-0.20682002879980246,"activity":0.0026336195286195295,"bolusiob":0}
