{"iob":1.05316110801798,"activity":0.0184681258698092,"bolusiob":-0.0004680942933332765}
