{"iob":0.08163249027324315,"activity":-0.000986127923681257,"bolusiob":0}
