{"iob":1.5631799223091645,"activity":0.0182900306060606,"bolusiob":0.2231154827377781}
