{"iob":1.174988963230556,"activity":0.025981846240179574,"bolusiob":0.010338959253333502}
