{"iob":-0.008857048639999985,"activity":-0.0017762626262626264,"bolusiob":0}
