{"iob":-0.5248935638522568,"activity":-0.0011184253423120092,"bolusiob":0}
