{"iob":-0.47142388494271614,"activity":-0.005514938271604939,"bolusiob":0}
