{"iob":1.53334667008,"activity":0.010259999999999998,"bolusiob":0.6476084883200001}
