{"iob":-0.550287107420247,"activity":-0.0009760416666666666,"bolusiob":0}
