{"iob":-0.3850079054380247,"activity":-0.0004011111111111111,"bolusiob":0}
