{"iob":0.26430746098128133,"activity":0.002796016936026936,"bolusiob":0}
