{"iob":-0.22413698728006143,"activity":0.0009959313580246922,"bolusiob":0}
