{"iob":-0.4089227009023211,"activity":-0.0028965207631874296,"bolusiob":0}
