{"iob":0.38080386901333335,"activity":0.018624915824915825,"bolusiob":0}
