{"iob":0.9304611054448767,"activity":0.018364405162738497,"bolusiob":0.08394411260444452}
