{"iob":-0.6206314609859849,"activity":-0.007870537721661056,"bolusiob":0}
