{"iob":0.29704935341172156,"activity":0.012741582267115602,"bolusiob":0}
