{"iob":0.005282901653333472,"activity":0.004014814814814816,"bolusiob":0}
