{"iob":-0.3934839339912448,"activity":-0.00889612379349046,"bolusiob":0}
