{"iob":2.3685438892720994,"activity":0.03894363636363636,"bolusiob":0.28920757898666666}
