{"iob":0.3617990867239506,"activity":0.004411335578002244,"bolusiob":0.005659435377777744}
