{"iob":0.10941996855716592,"activity":0.0016907413580246917,"bolusiob":0}
