{"iob":-0.4081176311760836,"activity":-0.0072091787654321,"bolusiob":0}
