{"iob":3.2203428663466664,"activity":0.019962222222222218,"bolusiob":1.5024996147200005}
