{"iob":1.4311919963022222,"activity":0.011667407407407406,"bolusiob":0.4502275709866667}
