{"iob":-0.6315974745957669,"activity":-0.007790654444444447,"bolusiob":0}
