{"iob":0.7466517710271501,"activity":0.016354385937149267,"bolusiob":0}
