{"iob":0.18791009429114103,"activity":0.0006398039281705947,"bolusiob":0}
