{"iob":1.114163696999507,"activity":0.0352415039281706,"bolusiob":-0.00003628234666663843}
