{"iob":0.21032153834408035,"activity":0.0032079635802469133,"bolusiob":0}
