{"iob":3.8577330952780238,"activity":0.0121858024691358,"bolusiob":3.638356414767408}
