{"iob":-0.00034760874666694974,"activity":0.007727946127946129,"bolusiob":0}
