{"iob":0.8156743269135802,"activity":0.0052716049382716046,"bolusiob":0.3607666311111112}
