{"iob":0.1477603072000001,"activity":0.005828282828282828,"bolusiob":0}
