{"iob":-0.5947601065392594,"activity":-0.0019306790123456792,"bolusiob":0}
