{"iob":-0.1946854160412346,"activity":-0.00381750280583614,"bolusiob":0}
