{"iob":0.047955055240510455,"activity":-0.002604240740740741,"bolusiob":0}
