{"iob":-0.45567510155409346,"activity":-0.0017327442199775536,"bolusiob":0}
