{"iob":1.3679522308108643,"activity":0.008549539842873172,"bolusiob":1.2886923891990123}
