{"iob":3.669462192560988,"activity":0.014512098765432097,"bolusiob":2.5871085867377777}
