{"iob":0.3905075332806074,"activity":0.0006050564197530863,"bolusiob":0}
