{"iob":-0.08358062384859302,"activity":-0.0004418341975308642,"bolusiob":0}
