{"iob":0.12264305992959652,"activity":0.002219515959595959,"bolusiob":0}
