{"iob":0.1124743120000001,"activity":0.008406060606060606,"bolusiob":0}
