{"iob":1.030678417777778,"activity":0.01628507295173962,"bolusiob":0.04156984888888893}
