{"iob":-0.4977308146844445,"activity":-0.0018259259259259253,"bolusiob":0}
