{"iob":1.0942080395329197,"activity":0.011581409674523004,"bolusiob":0.2449791396266667}
