{"iob":-0.5000727175087525,"activity":-0.001765493950617284,"bolusiob":0}
