{"iob":0.9970047543475891,"activity":0.021533157014590347,"bolusiob":0.7564816632098765}
