{"iob":-0.5857388472041278,"activity":-0.004069767452300785,"bolusiob":0}
