{"iob":-0.032985149422442,"activity":-0.0013578666666666666,"bolusiob":0}
