{"iob":-0.43114898980617045,"activity":-0.006015830415263749,"bolusiob":0}
