{"iob":-0.9036532205859262,"activity":-0.008139523007856342,"bolusiob":0}
