{"iob":-0.4133759096045119,"activity":-0.0013120812345679012,"bolusiob":0}
