{"iob":-0.5677928923445824,"activity":-0.0062133614590347925,"bolusiob":0}
