{"iob":-0.6477635154559708,"activity":-0.006885061032547699,"bolusiob":0}
