{"iob":-0.4153958209068838,"activity":-0.00138821,"bolusiob":0}
