{"iob":0.2939401512019526,"activity":0.023227760505050522,"bolusiob":0}
