{"iob":7.118254920628147,"activity":0.06242814814814814,"bolusiob":2.1485243474014815}
